customer_id,total_orders,total_spend,average_order_value,total_discount,total_delivery_fee,average_delivery_time,cancelled_orders,delivered_orders,refunded_orders
CUS-00001,10,6000.34,600.034,61.03,491.90999999999997,26.75,0,10,0
CUS-00002,54,31030.97,574.6475925925926,1075.74,2644.67,30.244444444444444,6,46,2
CUS-00003,73,45263.81,620.0521917808219,2144.83,3589.41,28.75205479452055,6,65,2
CUS-00004,21,11247.92,535.615238095238,354.68,1043.92,29.97142857142857,4,17,0
CUS-00005,12,8937.86,744.8216666666667,313.65000000000003,413.61,21.691666666666666,1,11,0
CUS-00006,11,4971.34,451.94,82.15,797.5799999999999,39.309090909090905,2,8,1
CUS-00007,19,10044.16,528.64,444.12,983.21,35.01052631578948,2,17,0
CUS-00008,21,12539.34,597.1114285714286,302.38,983.5799999999999,24.704761904761902,0,21,0
CUS-00009,19,11843.7,623.3526315789474,405.69,894.24,30.263157894736842,2,17,0
CUS-00010,48,29535.49,615.3227083333334,673.62,2356.49,27.514583333333334,4,41,3
CUS-00011,45,22458.92,499.0871111111111,622.01,2154.95,28.093333333333334,4,41,0
CUS-00012,29,19354.27,667.3886206896552,447.05999999999995,1479.59,27.95862068965517,3,26,0
CUS-00013,21,12375.41,589.3052380952381,651.5600000000001,1156.2,28.62857142857143,2,16,3
CUS-00014,15,7572.85,504.8566666666667,195.13,831.9399999999999,33.13333333333333,0,14,1
CUS-00015,8,4623.110000000001,577.8887500000001,75.83,380.07,29.7,1,6,1
CUS-00016,10,4413.05,441.305,244.37,597.65,34.19,0,9,1
CUS-00017,16,9317.9,582.36875,697.6600000000001,808.7,28.5375,0,16,0
CUS-00018,24,13028.55,542.8562499999999,131.7,1267.35,29.25833333333333,3,20,1
CUS-00019,48,26554.53,553.219375,402.39,2704.09,30.508333333333336,6,42,0
CUS-00020,23,14623.050000000001,635.7847826086957,696.28,1025.74,26.108695652173914,3,20,0
CUS-00021,24,13204.31,550.1795833333333,305.07,1464.69,36.2125,1,23,0
CUS-00022,11,5858.07,532.5518181818181,114.53,509.71,26.763636363636362,2,8,1
CUS-00023,34,20459.78,601.7582352941176,442.49,1783.34,28.25,3,29,2
CUS-00024,16,10852.64,678.29,312.90999999999997,848.47,28.0125,3,12,1
CUS-00025,32,18962.1,592.565625,394.93,1770.31,30.91875,4,28,0
CUS-00026,12,6920.97,576.7475000000001,48.27,481.84000000000003,23.891666666666666,0,11,1
CUS-00027,16,7913.91,494.619375,127.7,908.85,32.1625,3,12,1
CUS-00028,20,11206.05,560.3025,377.63,950.42,34.375,2,18,0
CUS-00029,11,4871.22,442.83818181818185,22.099999999999998,482.98,24.127272727272725,2,9,0
CUS-00030,33,17649.69,534.8390909090908,571.95,1793.94,30.448484848484846,5,27,1
CUS-00032,20,9714.11,485.70550000000003,170.15,1273.27,37.364999999999995,2,17,1
CUS-00033,11,5743.65,522.15,33.86,600.22,33.845454545454544,2,9,0
CUS-00034,9,5292.99,588.11,211.53,556.45,29.766666666666666,0,9,0
CUS-00035,11,6830.62,620.9654545454546,225.41,632.58,39.96363636363636,2,9,0
CUS-00036,15,8385.64,559.0426666666666,286.37,708.08,29.966666666666665,0,15,0
CUS-00037,7,4140.389999999999,591.4842857142856,244.16,314.08,27.185714285714287,1,6,0
CUS-00038,30,18845.54,628.1846666666667,756.38,1373.42,28.173333333333336,5,24,1
CUS-00039,12,6283.74,523.645,72.08,554.46,31.766666666666666,2,10,0
CUS-00040,24,13345.1,556.0458333333333,196.64,1339.38,34.87916666666667,1,19,4
CUS-00041,8,3788.11,473.51375,23.22,279.15,21.6125,0,8,0
CUS-00042,19,9938.02,523.0536842105263,553.83,981.59,28.0,2,17,0
CUS-00043,23,14287.64,621.2017391304347,601.4399999999999,1031.22,22.817391304347826,2,20,1
CUS-00044,41,25663.74,625.9448780487805,1036.97,1982.21,26.697560975609754,3,37,1
CUS-00045,25,16685.81,667.4324,608.05,1388.11,30.52,6,18,1
CUS-00046,21,12587.130000000001,599.3871428571429,144.93,1121.68,26.242857142857144,2,17,2
CUS-00047,26,13882.56,533.9446153846154,625.39,1546.14,34.53076923076923,5,20,1
CUS-00048,21,11313.07,538.717619047619,68.71,1485.9,40.87142857142857,4,17,0
CUS-00049,2,1478.44,739.22,0.0,187.70999999999998,41.05,0,2,0
CUS-00050,6,3253.7799999999997,542.2966666666666,48.38,299.52,32.56666666666667,0,6,0
CUS-00051,45,22640.61,503.12466666666666,708.47,2486.58,28.36,4,37,4
CUS-00052,7,4570.34,652.9057142857143,81.44,411.55,34.75714285714286,1,6,0
CUS-00053,14,7143.86,510.2757142857143,566.37,888.35,46.92857142857143,3,11,0
CUS-00054,14,8391.31,599.3792857142856,251.84,640.37,24.957142857142856,2,11,1
CUS-00055,50,26194.86,523.8972,1286.34,2509.04,25.714000000000002,5,41,4
CUS-00056,12,7409.32,617.4433333333333,587.0400000000001,723.03,29.991666666666664,1,11,0
CUS-00057,24,17170.4,715.4333333333334,333.73,1231.27,27.370833333333334,2,22,0
CUS-00058,2,781.6800000000001,390.84000000000003,17.18,139.18,39.1,0,2,0
CUS-00059,14,7141.030000000001,510.0735714285715,462.31,484.92,22.135714285714283,2,11,1
CUS-00060,45,25423.82,564.9737777777777,497.31,2310.24,30.564444444444447,5,38,2
CUS-00062,38,21229.09,558.6602631578947,603.79,1960.66,33.23684210526316,3,34,1
CUS-00063,25,12340.71,493.62839999999994,803.28,1384.6,31.316,0,25,0
CUS-00064,26,13502.9,519.3423076923077,358.62,1137.7,27.934615384615388,3,23,0
CUS-00065,6,5059.57,843.2616666666667,77.35,258.7,24.483333333333334,0,5,1
CUS-00066,28,15772.2,563.2928571428572,252.21,1679.73,35.535714285714285,1,25,2
CUS-00067,29,17713.69,610.8168965517241,330.49,1671.2,36.46551724137931,2,26,1
CUS-00068,7,3606.41,515.2014285714286,42.43,322.07,29.714285714285715,1,6,0
CUS-00069,14,7861.88,561.5628571428572,284.09,743.81,34.97857142857143,0,13,1
CUS-00070,5,3914.3999999999996,782.8799999999999,0.0,221.13,28.040000000000003,0,5,0
CUS-00071,22,12603.89,572.9040909090909,224.03,922.83,24.94090909090909,1,20,1
CUS-00072,14,7867.56,561.9685714285714,133.47,624.8,31.50714285714286,2,12,0
CUS-00073,15,7083.79,472.25266666666664,43.44,804.0,35.57333333333334,1,14,0
CUS-00074,12,5974.83,497.9025,237.18,595.72,28.983333333333334,2,9,1
CUS-00075,10,5992.03,599.203,45.61,620.78,37.69,2,8,0
CUS-00076,4,2818.73,704.6825,29.29,150.1,23.675,1,3,0
CUS-00077,11,6688.45,608.040909090909,250.21,397.8,22.727272727272727,0,11,0
CUS-00078,10,5212.75,521.275,31.630000000000003,448.57,24.759999999999998,1,8,1
CUS-00079,19,11276.33,593.4910526315789,139.47,1103.41,33.48947368421052,3,16,0
CUS-00080,14,7955.25,568.2321428571429,395.61,619.2,27.342857142857145,1,11,2
CUS-00081,2,1146.67,573.335,38.43,70.63,15.2,0,2,0
CUS-00082,15,7769.37,517.958,279.3,694.58,24.793333333333333,2,12,1
CUS-00083,6,2320.0,386.6666666666667,70.45,317.33,26.866666666666664,0,5,1
CUS-00084,21,10314.18,491.1514285714286,131.6,1068.82,32.523809523809526,2,18,1
CUS-00085,27,15614.210000000001,578.3040740740742,337.56,1294.6,29.62962962962963,3,23,1
CUS-00086,33,24284.78,735.9024242424242,1112.07,1678.8,29.915151515151514,4,29,0
CUS-00087,15,9335.24,622.3493333333333,166.01,910.9,43.593333333333334,3,12,0
CUS-00088,19,10586.94,557.2073684210527,173.77,785.01,25.173684210526318,0,19,0
CUS-00089,15,9673.11,644.874,226.84,687.92,27.69333333333333,1,10,4
CUS-00090,13,6525.9,501.9923076923077,346.46000000000004,884.07,39.65384615384615,0,13,0
CUS-00091,83,55329.53,666.6208433734939,2014.01,3926.71,27.575903614457832,8,71,4
CUS-00092,10,5190.58,519.058,108.31,374.03000000000003,23.43,1,9,0
CUS-00093,9,4921.03,546.781111111111,17.1,359.68,25.266666666666666,0,9,0
CUS-00094,1,1035.19,1035.19,8.8,22.35,13.6,0,1,0
CUS-00095,4,2871.75,717.9375,0.0,219.57,33.875,0,4,0
CUS-00097,1,146.64,146.64,0.0,35.08,25.4,1,0,0
CUS-00098,8,5963.42,745.4275,65.94,463.07,30.35,2,6,0
CUS-00099,2,1273.64,636.82,0.0,139.93,39.6,0,2,0
CUS-00100,18,11575.73,643.0961111111111,628.24,896.61,29.055555555555557,2,16,0
CUS-00101,6,2020.6100000000001,336.7683333333334,125.29,444.42,43.800000000000004,0,6,0
CUS-00102,17,8790.3,517.0764705882352,115.52000000000001,760.97,28.105882352941176,1,16,0
CUS-00103,8,5916.86,739.6075,367.57000000000005,420.02,29.7375,0,7,1
CUS-00104,22,13615.29,618.8768181818182,755.76,1153.46,26.536363636363635,1,21,0
CUS-00105,23,13632.95,592.7369565217392,178.32,1057.12,28.73478260869565,1,22,0
CUS-00106,5,2362.06,472.412,22.09,241.94,29.02,2,3,0
CUS-00107,14,8009.5,572.1071428571429,192.81,815.83,29.364285714285717,1,12,1
CUS-00108,15,8760.94,584.0626666666667,572.56,684.19,23.80666666666667,1,13,1
CUS-00109,21,12636.06,601.7171428571428,502.36999999999995,1084.28,26.904761904761905,1,19,1
CUS-00110,5,5332.2,1066.44,215.69000000000003,168.73,18.919999999999998,0,5,0
CUS-00111,19,12165.84,640.3073684210526,391.74,961.51,28.536842105263162,3,16,0
CUS-00112,19,11174.81,588.1478947368421,473.05,1193.86,30.884210526315794,3,15,1
CUS-00113,6,3668.8999999999996,611.4833333333332,145.85000000000002,338.96000000000004,31.78333333333333,0,6,0
CUS-00114,3,1872.3700000000001,624.1233333333333,71.36,126.31,28.666666666666668,1,2,0
CUS-00115,13,6476.48,498.1907692307692,371.9,616.73,28.107692307692307,5,8,0
CUS-00116,19,10344.46,544.4452631578947,519.33,890.89,25.25263157894737,5,12,2
CUS-00117,10,4687.64,468.764,107.74000000000001,564.76,32.9,0,10,0
CUS-00118,155,86463.87,557.8314193548387,2963.9,8520.5,32.42451612903226,14,134,7
CUS-00120,19,12841.630000000001,675.8752631578948,337.98,996.5400000000001,30.63157894736842,1,17,1
CUS-00121,37,28589.08,772.6778378378378,932.34,1759.1399999999999,26.95405405405405,3,34,0
CUS-00122,31,19253.35,621.0758064516128,468.99,1754.06,31.706451612903226,5,25,1
CUS-00123,8,4353.78,544.2225,83.56,383.05,27.975,2,6,0
CUS-00124,3,3233.99,1077.9966666666667,556.74,161.29,35.666666666666664,0,3,0
CUS-00125,1,650.13,650.13,0.0,84.71,48.1,0,1,0
CUS-00126,14,8972.1,640.8642857142858,323.69,749.67,31.042857142857144,0,14,0
CUS-00127,11,5539.400000000001,503.5818181818182,256.25,415.38,24.245454545454546,1,10,0
CUS-00128,4,2146.34,536.585,116.77000000000001,184.82,30.674999999999997,0,3,1
CUS-00129,7,4196.55,599.5071428571429,60.13,392.4,42.32857142857143,0,7,0
CUS-00130,8,4355.51,544.43875,140.2,337.87,26.6,1,6,1
CUS-00131,30,15943.02,531.434,399.69,1357.61,24.816666666666666,0,29,1
CUS-00132,9,5567.5,618.6111111111111,173.23000000000002,530.56,28.877777777777776,1,8,0
CUS-00133,2,546.8100000000001,273.40500000000003,0.0,202.41,68.3,0,2,0
CUS-00134,7,5614.389999999999,802.0557142857142,496.22999999999996,359.63,25.857142857142858,0,7,0
CUS-00135,11,8185.94,744.1763636363636,247.99,456.56,25.736363636363635,1,10,0
CUS-00136,7,4547.88,649.6971428571429,22.27,266.54,20.142857142857142,0,6,1
CUS-00137,28,15541.26,555.045,766.72,1458.88,31.87142857142857,2,25,1
CUS-00138,16,9457.2,591.075,198.4,1180.54,38.15,1,12,3
CUS-00139,15,8825.62,588.3746666666667,305.39,766.86,29.066666666666666,2,13,0
CUS-00140,13,7650.84,588.5261538461539,117.26,756.7,33.50769230769231,1,12,0
CUS-00141,16,7557.24,472.3275,201.24,741.75,28.6375,1,13,2
CUS-00142,17,9619.97,565.8805882352941,283.75,708.59,25.711764705882356,0,17,0
CUS-00143,5,2220.8599999999997,444.1719999999999,81.44,189.95,24.3,1,4,0
CUS-00144,28,16117.84,575.6371428571429,780.65,1422.85,31.985714285714288,2,24,2
CUS-00145,17,10316.01,606.8241176470589,304.32,796.87,27.535294117647055,3,14,0
CUS-00146,117,62881.93,537.4523931623932,1810.08,5345.29,26.61025641025641,8,101,8
CUS-00147,58,39045.96,673.2062068965517,867.74,2833.5,27.451724137931034,3,52,3
CUS-00148,4,2160.17,540.0425,51.62,111.85,21.450000000000003,2,2,0
CUS-00149,33,22621.72,685.5066666666667,315.66,1619.26,27.215151515151515,4,28,1
CUS-00150,11,5318.65,483.51363636363635,32.84,509.87,24.1,2,9,0
CUS-00151,20,13282.26,664.113,390.57,1065.3,28.064999999999998,2,18,0
CUS-00152,13,7491.45,576.2653846153846,308.22999999999996,627.11,27.861538461538462,2,10,1
CUS-00153,29,15174.88,523.271724137931,753.9200000000001,1303.59,28.682758620689654,3,24,2
CUS-00154,1,437.09,437.09,21.26,33.65,20.4,0,1,0
CUS-00155,38,22782.04,599.5273684210526,1313.8999999999999,1781.9,25.323684210526313,4,32,2
CUS-00156,65,40028.45,615.8223076923076,1207.44,3409.6,29.186153846153843,9,52,4
CUS-00157,28,18566.38,663.085,1337.03,1377.19,26.989285714285717,2,24,2
CUS-00158,13,6461.22,497.0169230769231,181.11,578.28,25.023076923076925,2,8,3
CUS-00159,2,746.12,373.06,13.17,54.74,10.0,0,2,0
CUS-00160,2,1475.06,737.53,0.0,87.68,13.05,0,2,0
CUS-00161,13,6718.3,516.7923076923078,374.15,762.5799999999999,27.56923076923077,2,11,0
CUS-00162,9,6210.0599999999995,690.0066666666667,92.74,409.11,28.155555555555555,0,9,0
CUS-00163,26,16640.82,640.0315384615385,448.66999999999996,1378.6999999999998,33.01923076923077,3,23,0
CUS-00164,4,2997.48,749.37,236.8,308.98,40.8,0,4,0
CUS-00165,13,7678.55,590.6576923076923,116.79999999999998,795.87,33.784615384615385,1,11,1
CUS-00166,4,1585.69,396.4225,15.3,219.37,28.125,0,4,0
CUS-00167,32,18756.87,586.1521875,297.43,1598.13,30.103125,3,29,0
CUS-00168,19,10879.89,572.6257894736842,260.44,1095.9,33.3421052631579,3,16,0
CUS-00169,12,7515.98,626.3316666666666,86.02,509.94,26.025000000000002,2,9,1
CUS-00170,4,2116.79,529.1975,93.86,224.07,33.525000000000006,0,4,0
CUS-00171,55,30773.54,559.5189090909091,826.75,2816.03,28.76909090909091,5,47,3
CUS-00172,47,26528.37,564.4334042553191,1316.28,2497.05,32.0936170212766,7,36,4
CUS-00173,27,17719.35,656.2722222222221,375.71,1401.1699999999998,25.2,1,24,2
CUS-00174,10,7703.02,770.302,544.3,506.72999999999996,28.48,2,8,0
CUS-00175,20,9124.49,456.2245,400.5,868.88,23.855,1,18,1
CUS-00176,14,7403.69,528.8349999999999,219.61,682.4399999999999,30.15,2,12,0
CUS-00177,15,10290.94,686.0626666666667,964.4699999999999,809.7,23.8,2,12,1
CUS-00178,11,5617.25,510.65909090909093,127.78999999999999,541.32,28.672727272727272,0,11,0
CUS-00179,42,22003.41,523.8907142857142,342.34000000000003,2160.87,30.478571428571428,2,39,1
CUS-00180,46,26756.6,581.6652173913043,665.72,2048.08,23.55,9,36,1
CUS-00181,18,9904.9,550.2722222222222,266.84000000000003,957.86,31.805555555555557,4,12,2
CUS-00182,24,14098.44,587.4350000000001,783.39,1206.34,33.87916666666667,2,21,1
CUS-00183,10,5416.06,541.606,96.14999999999999,419.76,19.369999999999997,1,8,1
CUS-00184,10,5016.84,501.684,130.66,467.65,26.03,0,8,2
CUS-00185,6,2713.16,452.1933333333333,9.92,279.33,28.116666666666664,0,6,0
CUS-00186,73,41488.48,568.3353424657535,1585.5,3543.08,27.87945205479452,12,57,4
CUS-00187,36,18733.83,520.3841666666667,804.21,1849.3899999999999,28.44722222222222,5,28,3
CUS-00188,8,3855.84,481.98,60.5,503.96000000000004,36.7,1,7,0
CUS-00189,32,21212.03,662.8759375,920.22,1404.53,24.3125,2,30,0
CUS-00190,10,6318.48,631.848,302.41999999999996,417.28999999999996,22.56,1,9,0
CUS-00191,56,29568.39,528.0069642857143,1175.94,2734.15,28.1875,7,48,1
CUS-00192,64,35058.59,547.79046875,1122.34,3009.93,25.8375,7,53,4
CUS-00193,15,9647.82,643.188,633.92,833.7099999999999,33.42666666666666,5,10,0
CUS-00194,27,18043.12,668.2637037037036,918.77,1312.21,26.433333333333334,0,26,1
CUS-00195,2,512.79,256.395,6.48,150.68,49.0,1,1,0
CUS-00196,60,34972.98,582.883,1461.98,2940.48,28.58833333333333,6,53,1
CUS-00197,13,7320.14,563.0876923076924,334.25,784.84,32.746153846153845,0,13,0
CUS-00198,64,36104.4,564.13125,1753.8600000000001,3293.71,30.475,12,51,1
CUS-00199,22,13535.15,615.2340909090909,651.7099999999999,1174.49,29.58181818181818,2,19,1
CUS-00200,16,10035.63,627.226875,277.61,754.62,29.2375,2,14,0
CUS-00201,22,12389.91,563.1777272727272,682.27,1331.29,32.88636363636363,2,19,1
CUS-00202,23,14014.63,609.3317391304347,335.42,1133.59,30.721739130434784,2,21,0
CUS-00203,2,1732.0800000000002,866.0400000000001,75.76,87.2,21.75,0,2,0
CUS-00204,12,5484.78,457.065,56.879999999999995,761.18,37.275,3,8,1
CUS-00205,23,13450.52,584.8052173913044,258.18,1356.61,32.256521739130434,1,21,1
CUS-00206,4,2161.36,540.34,9.36,219.57,29.625,0,2,2
CUS-00207,41,23706.88,578.2165853658537,836.61,2304.68,30.934146341463414,6,35,0
CUS-00208,34,16607.829999999998,488.46558823529404,242.73,1839.32,29.055882352941175,2,28,4
CUS-00209,7,3122.45,446.0642857142857,58.13,313.62,21.74285714285714,0,7,0
CUS-00210,32,17378.829999999998,543.0884374999999,175.65,1864.47,34.45625,2,29,1
CUS-00211,8,4689.9,586.2375,28.23,442.5,27.2375,0,8,0
CUS-00213,10,3997.55,399.755,83.42999999999999,511.02,27.24,2,8,0
CUS-00214,5,2961.73,592.346,41.5,364.58000000000004,43.260000000000005,2,3,0
CUS-00215,11,8536.65,776.0590909090909,79.44999999999999,468.21,25.572727272727274,1,10,0
CUS-00216,10,6666.25,666.625,274.4,356.38,24.830000000000002,1,9,0
CUS-00217,20,10016.960000000001,500.84800000000007,266.53,1328.1200000000001,39.96,2,18,0
CUS-00218,2,1274.88,637.44,51.03,121.38,32.25,0,2,0
CUS-00219,23,11892.73,517.0752173913044,191.06,1149.6,29.12173913043478,3,20,0
CUS-00220,8,4335.88,541.985,256.43,359.08,30.2875,2,6,0
CUS-00221,14,9099.82,649.9871428571429,157.7,594.22,20.62857142857143,2,11,1
CUS-00222,3,1972.8700000000001,657.6233333333333,63.8,293.13,55.06666666666666,0,2,1
CUS-00223,17,9942.05,584.8264705882352,482.46000000000004,949.81,30.211764705882356,1,15,1
CUS-00224,63,38014.37,603.4026984126984,1196.3000000000002,3345.79,30.082539682539682,5,54,4
CUS-00225,9,6710.04,745.56,70.52,469.01,30.400000000000002,0,9,0
CUS-00226,42,23256.23,553.7197619047619,530.5699999999999,2152.55,29.757142857142856,5,34,3
CUS-00227,7,3554.3599999999997,507.76571428571424,14.45,499.2,34.34285714285714,0,7,0
CUS-00228,30,16256.75,541.8916666666667,245.4,1270.98,25.720000000000002,3,25,2
CUS-00229,21,12654.6,602.6,162.76,1090.62,28.771428571428572,0,21,0
CUS-00230,65,38071.48,585.7150769230769,1044.58,3319.3,30.45076923076923,6,56,3
CUS-00231,81,44657.85,551.3314814814814,1123.1,4454.11,31.651851851851855,5,73,3
CUS-00232,7,3447.61,492.5157142857143,62.39,288.85,25.642857142857142,0,7,0
CUS-00233,115,65598.62,570.4227826086956,1358.05,5664.59,28.34695652173913,15,97,3
CUS-00234,12,5536.68,461.39000000000004,168.5,715.21,36.175000000000004,1,11,0
CUS-00235,20,11850.39,592.5195,639.54,946.8100000000001,24.75,2,17,1
CUS-00236,33,21402.45,648.559090909091,584.7800000000001,1598.48,28.54848484848485,3,30,0
CUS-00237,42,26161.73,622.8983333333333,791.53,1789.23,26.316666666666666,5,33,4
CUS-00238,42,24680.95,587.6416666666667,910.72,2293.85,31.1,5,36,1
CUS-00239,46,25656.05,557.7402173913043,505.9,2395.87,28.86086956521739,4,39,3
CUS-00240,7,3847.31,549.6157142857143,117.33,567.9399999999999,39.0,1,5,1
CUS-00241,34,20180.489999999998,593.5438235294117,818.33,1509.6100000000001,23.58823529411765,6,26,2
CUS-00242,28,13618.11,486.36107142857145,246.54,1726.52,35.517857142857146,5,22,1
CUS-00243,43,31239.76,726.5060465116279,871.4599999999999,2303.93,31.506976744186044,4,38,1
CUS-00244,15,8635.71,575.7139999999999,301.65,862.47,32.733333333333334,0,13,2
CUS-00245,3,2826.7,942.2333333333332,40.39,101.41,14.9,0,1,2
CUS-00246,28,14023.91,500.8539285714286,526.1600000000001,1477.71,29.303571428571427,4,24,0
CUS-00247,4,1981.83,495.4575,82.9,159.19,20.475,2,2,0
CUS-00248,2,1175.89,587.945,80.07,124.14,25.5,0,2,0
CUS-00249,23,12779.68,555.6382608695652,518.63,1355.73,33.70869565217391,2,19,2
CUS-00250,3,1552.2,517.4,71.66,180.97000000000003,32.5,0,2,1
CUS-00251,12,7792.83,649.4025,42.36,561.33,24.558333333333334,2,10,0
CUS-00252,6,3492.98,582.1633333333333,504.92,289.2,31.55,1,5,0
CUS-00253,7,3854.33,550.6185714285714,18.47,229.92000000000002,18.82857142857143,0,7,0
CUS-00254,2,1166.02,583.01,16.37,70.83,23.1,0,2,0
CUS-00255,24,12768.02,532.0008333333334,211.85999999999999,1285.26,26.304166666666664,2,22,0
CUS-00256,7,3685.36,526.48,10.47,336.13,26.0,2,5,0
CUS-00257,25,15549.76,621.9904,575.43,1433.05,31.08,2,22,1
CUS-00258,25,11722.0,468.88,158.85,1302.59,32.06,2,22,1
CUS-00259,5,3491.23,698.246,285.99,300.48,30.3,1,4,0
CUS-00260,8,3722.1400000000003,465.26750000000004,47.129999999999995,662.3,37.5625,0,7,1
CUS-00261,16,9753.44,609.59,423.61,815.9,29.46875,3,11,2
CUS-00262,3,1995.54,665.18,342.29,151.12,25.63333333333333,0,3,0
CUS-00263,62,39062.13,630.0343548387096,811.69,3042.25,29.559677419354838,1,58,3
CUS-00264,40,25021.9,625.5475,913.9399999999999,2051.56,31.9275,4,34,2
CUS-00266,15,8398.64,559.9093333333333,153.44,610.75,24.613333333333333,3,12,0
CUS-00267,9,5044.79,560.5322222222222,40.349999999999994,428.96,26.977777777777778,2,7,0
CUS-00269,5,2199.9700000000003,439.994,56.89,222.94,29.52,1,4,0
CUS-00270,2,872.51,436.255,2.31,62.11,15.0,1,1,0
CUS-00271,60,35736.41,595.6068333333334,524.85,2970.35,29.465,3,56,1
CUS-00272,86,46825.68,544.4846511627907,1855.78,4645.18,29.574418604651164,9,74,3
CUS-00273,20,10031.11,501.55550000000005,856.24,1334.33,37.845,1,19,0
CUS-00274,8,5456.12,682.015,268.58000000000004,417.57,24.387500000000003,0,8,0
CUS-00275,35,20840.21,595.4345714285714,192.34,2105.95,33.862857142857145,6,28,1
CUS-00276,73,46226.62,633.2413698630137,1385.64,4131.51,28.941095890410956,7,66,0
CUS-00277,8,3830.17,478.77125,97.35,356.65999999999997,30.6125,0,8,0
CUS-00278,46,29778.7,647.3630434782609,1239.74,2051.37,25.182608695652174,4,41,1
CUS-00279,17,8861.34,521.255294117647,63.260000000000005,754.98,26.923529411764704,1,15,1
CUS-00280,2,624.3,312.15,0.0,185.91000000000003,50.95,0,2,0
CUS-00281,45,24183.59,537.4131111111111,813.52,2052.61,26.00888888888889,8,35,2
CUS-00282,76,47406.13,623.7648684210526,1404.3200000000002,3993.91,31.77368421052632,9,66,1
CUS-00283,20,9995.9,499.79499999999996,61.24,851.04,24.61,0,20,0
CUS-00284,1,458.8,458.8,50.18,25.63,17.0,0,1,0
CUS-00285,28,14981.91,535.0682142857142,408.84,1332.41,27.00714285714286,3,23,2
CUS-00286,4,1972.26,493.065,229.01,280.15999999999997,35.65,0,4,0
CUS-00287,13,7537.599999999999,579.8153846153846,131.97,449.53,21.484615384615385,2,10,1
CUS-00288,18,10671.7,592.8722222222223,396.78,894.23,31.233333333333334,2,16,0
CUS-00289,15,8278.85,551.9233333333334,273.28000000000003,896.97,34.14,2,13,0
CUS-00290,6,3293.34,548.89,67.93,444.29999999999995,39.0,0,6,0
CUS-00291,15,8103.63,540.242,84.84,669.66,31.146666666666665,1,13,1
CUS-00292,8,2874.66,359.3325,53.17,351.41,24.950000000000003,1,7,0
CUS-00293,34,20151.4,592.6882352941177,628.16,1811.75,31.011764705882356,3,28,3
CUS-00294,10,5738.55,573.855,141.93,434.51,24.029999999999998,1,9,0
CUS-00295,23,13763.96,598.4330434782609,620.96,1240.49,31.604347826086954,0,22,1
CUS-00296,1,190.98,190.98,0.0,84.17,23.0,0,1,0
CUS-00297,3,1537.94,512.6466666666666,12.09,315.11,45.1,0,2,1
CUS-00298,14,9044.01,646.0007142857143,427.88,574.34,25.485714285714288,1,13,0
CUS-00299,70,42737.58,610.5368571428571,969.59,3311.27,27.66857142857143,4,62,4
CUS-00300,7,5621.29,803.0414285714286,199.5,463.27,40.714285714285715,1,6,0
CUS-00301,6,2184.04,364.00666666666666,14.830000000000002,392.41999999999996,35.06666666666667,1,5,0
CUS-00302,70,33956.37,485.09100000000007,1588.67,3608.81,29.165714285714284,6,61,3
CUS-00303,3,1574.63,524.8766666666667,115.47999999999999,119.41,13.266666666666666,0,3,0
CUS-00304,46,25378.96,551.7165217391304,688.38,2473.95,29.304347826086957,4,38,4
CUS-00305,2,647.78,323.89,26.71,46.37,19.85,0,2,0
CUS-00306,10,3316.04,331.604,1.72,457.99,27.74,0,10,0
CUS-00307,33,22843.42,692.2248484848484,1071.3200000000002,1906.68,30.690909090909088,2,27,4
CUS-00308,37,22036.24,595.574054054054,777.63,1676.6200000000001,29.51891891891892,9,27,1
CUS-00309,57,28726.64,503.9761403508772,623.54,3141.5,31.794736842105262,4,52,1
CUS-00310,51,30790.41,603.7335294117647,1308.97,2241.42,25.988235294117647,3,44,4
CUS-00311,25,14262.45,570.498,757.61,1252.17,32.748000000000005,3,22,0
CUS-00312,2,803.06,401.53,0.0,77.24000000000001,20.049999999999997,0,2,0
CUS-00313,10,5172.46,517.246,211.65,467.67,29.160000000000004,1,9,0
CUS-00314,16,9043.44,565.215,199.01,905.26,33.43125,5,11,0
CUS-00315,24,13322.49,555.10375,637.17,1334.29,32.02916666666667,1,23,0
CUS-00316,31,19659.7,634.183870967742,912.57,1614.1,30.322580645161292,2,29,0
CUS-00317,12,7815.17,651.2641666666667,111.81,641.8,26.983333333333334,1,10,1
CUS-00318,13,8415.97,647.3823076923077,242.29000000000002,900.5600000000001,35.56153846153846,1,11,1
CUS-00319,18,10422.79,579.0438888888889,548.89,963.31,29.766666666666666,1,17,0
CUS-00320,36,20614.16,572.6155555555556,688.3199999999999,1913.99,28.90555555555555,3,31,2
CUS-00321,3,1548.01,516.0033333333333,83.24000000000001,143.95,31.099999999999998,0,3,0
CUS-00322,3,1257.87,419.28999999999996,17.97,101.44,18.733333333333334,1,2,0
CUS-00323,23,12746.04,554.1756521739131,370.4,1047.13,26.030434782608697,3,20,0
CUS-00324,10,5029.94,502.99399999999997,68.42,567.36,31.0,2,8,0
CUS-00325,19,10218.53,537.8173684210527,183.63,946.83,30.27368421052632,2,16,1
CUS-00326,1,978.39,978.39,4.6,35.49,14.8,0,1,0
CUS-00327,8,4581.8099999999995,572.7262499999999,6.44,328.3,23.8,0,8,0
CUS-00328,18,8525.07,473.615,215.47,1112.6,32.81666666666667,3,13,2
CUS-00329,21,12567.24,598.4399999999999,507.90999999999997,1081.53,30.68095238095238,0,20,1
CUS-00330,40,23286.12,582.153,434.08,1898.31,26.55,3,37,0
CUS-00331,14,6641.41,474.38642857142855,141.0,756.65,29.05,0,14,0
CUS-00332,7,5126.16,732.3085714285714,121.22999999999999,453.99,33.2,0,7,0
CUS-00333,11,7619.72,692.7018181818182,11.120000000000001,560.95,35.11818181818182,1,10,0
CUS-00334,19,10728.95,564.6815789473685,176.48000000000002,913.01,26.07894736842105,4,13,2
CUS-00335,46,25007.24,543.6356521739131,660.77,2185.91,26.480434782608693,8,36,2
CUS-00336,11,9865.41,896.8554545454546,172.78000000000003,617.46,37.21818181818182,1,10,0
CUS-00337,27,16278.4,602.9037037037037,825.13,1226.75,25.044444444444448,3,21,3
CUS-00338,16,8048.26,503.01625,200.61999999999998,938.5,36.425,4,12,0
CUS-00339,7,2795.13,399.30428571428575,3.42,426.85,38.714285714285715,0,7,0
CUS-00340,25,14627.66,585.1064,334.1,1289.66,31.704,2,22,1
CUS-00341,21,11947.87,568.9461904761905,693.15,1184.73,32.48571428571429,2,19,0
CUS-00342,17,11129.19,654.6582352941177,259.09000000000003,722.05,23.341176470588238,0,16,1
CUS-00343,23,12910.18,561.3121739130435,434.74,1100.12,24.12608695652174,5,17,1
CUS-00344,30,19604.46,653.482,918.88,1324.52,25.92,1,27,2
CUS-00345,21,11685.09,556.4328571428572,132.49,1392.74,34.86190476190476,1,19,1
CUS-00346,3,2672.8,890.9333333333334,0.0,162.54999999999998,27.5,0,2,1
CUS-00347,42,24061.5,572.8928571428571,428.45,1855.16,24.616666666666667,5,37,0
CUS-00348,17,10999.710000000001,647.0417647058824,165.32,898.1,30.28235294117647,1,16,0
CUS-00349,1,1188.2,1188.2,0.0,158.71,82.0,0,0,1
CUS-00350,10,5555.22,555.522,581.89,578.64,29.22,0,10,0
CUS-00351,10,4897.95,489.79499999999996,72.77000000000001,493.97999999999996,27.47,3,7,0
CUS-00352,15,7624.61,508.3073333333333,199.22,753.42,28.786666666666665,1,13,1
CUS-00353,35,19737.35,563.9242857142857,553.87,1607.8700000000001,24.877142857142857,1,31,3
CUS-00354,15,7472.38,498.15866666666665,139.32,979.14,37.193333333333335,0,15,0
CUS-00355,12,8356.11,696.3425000000001,503.66999999999996,584.48,23.45,4,7,1
CUS-00356,12,8548.77,712.3975,756.79,724.0699999999999,37.05833333333333,0,12,0
CUS-00357,26,14233.53,547.4434615384615,596.57,1429.94,30.476923076923075,3,22,1
CUS-00358,6,3466.46,577.7433333333333,234.49,345.54,35.300000000000004,0,5,1
CUS-00359,10,6867.38,686.738,144.48,366.84000000000003,19.8,1,9,0
CUS-00360,4,3904.85,976.2125,498.04,210.49,26.299999999999997,1,3,0
CUS-00361,13,7839.71,603.0546153846154,84.05,740.3,32.4,2,11,0
CUS-00362,9,4554.9,506.09999999999997,110.88,429.23,28.922222222222224,2,7,0
CUS-00363,8,4902.06,612.7575,81.03,348.67,26.275000000000002,1,6,1
CUS-00364,5,4780.07,956.0139999999999,295.44,339.25,46.72,0,5,0
CUS-00365,26,11217.59,431.44576923076926,119.48,1468.45,31.903846153846153,1,24,1
CUS-00366,12,8205.68,683.8066666666667,301.61,654.84,34.09166666666667,1,11,0
CUS-00367,3,1160.38,386.79333333333335,0.0,128.74,21.600000000000005,0,3,0
CUS-00368,39,22443.54,575.4753846153847,890.16,1880.21,27.405128205128204,6,31,2
CUS-00369,6,2655.6000000000004,442.6000000000001,90.92,254.20000000000002,26.900000000000002,0,4,2
CUS-00370,8,4803.55,600.44375,28.22,358.83,27.95,0,8,0
CUS-00371,22,10390.81,472.30954545454546,145.94,1002.04,26.104545454545452,5,17,0
CUS-00372,36,20051.54,556.9872222222223,559.9,1604.88,24.96111111111111,1,34,1
CUS-00373,56,34071.86,608.4260714285714,1054.56,2673.5099999999998,26.458928571428572,5,49,2
CUS-00374,14,7874.58,562.47,186.09,767.18,35.97857142857143,1,12,1
CUS-00375,8,5078.38,634.7975,313.38,324.26,26.6,0,8,0
CUS-00376,40,23417.23,585.43075,911.33,1866.1399999999999,26.097500000000004,4,34,2
CUS-00377,20,9209.62,460.48100000000005,519.1800000000001,1251.49,34.275,2,16,2
CUS-00378,6,5404.27,900.7116666666667,161.28,230.10000000000002,41.56666666666667,0,6,0
CUS-00379,20,10774.51,538.7255,463.84,1308.01,35.93,2,18,0
CUS-00380,24,13302.95,554.2895833333333,151.5,1061.92,23.2375,4,19,1
CUS-00381,4,2753.7799999999997,688.4449999999999,9.18,192.22,21.5,0,4,0
CUS-00382,10,5050.04,505.004,191.01999999999998,412.15,23.71,1,8,1
CUS-00383,21,10349.89,492.85190476190473,416.01,1388.78,38.833333333333336,2,16,3
CUS-00384,9,5236.16,581.7955555555556,95.44999999999999,409.15999999999997,24.922222222222224,1,6,2
CUS-00385,2,1392.94,696.47,0.0,68.93,15.4,0,2,0
CUS-00386,33,21686.21,657.1578787878788,942.5,1719.59,32.833333333333336,1,32,0
CUS-00387,54,30609.36,566.84,703.25,2786.86,27.6,4,47,3
CUS-00388,7,3840.99,548.7128571428572,95.44,332.1,21.842857142857138,3,4,0
CUS-00389,67,35409.590000000004,528.5013432835822,722.64,3644.56,30.776119402985074,6,60,1
CUS-00390,39,19685.8,504.76410256410253,492.69,1991.81,28.312820512820515,5,33,1
CUS-00391,3,1522.19,507.3966666666667,0.14,78.54,18.03333333333333,1,1,1
CUS-00392,16,8910.78,556.92375,175.37,916.37,32.05625,3,11,2
CUS-00393,2,1613.8200000000002,806.9100000000001,0.0,93.36,24.65,0,2,0
CUS-00394,27,13771.49,510.05518518518517,458.35,1498.1,30.59259259259259,2,24,1
CUS-00395,7,4508.12,644.0171428571429,255.85000000000002,423.89,31.614285714285717,2,5,0
CUS-00396,3,3370.57,1123.5233333333333,0.0,148.75,28.133333333333336,0,3,0
CUS-00397,7,3285.21,469.3157142857143,24.740000000000002,284.5,25.3,0,6,1
CUS-00398,4,2309.02,577.255,0.0,206.64000000000001,30.45,0,4,0
CUS-00399,1,888.6,888.6,154.83,38.27,39.1,0,1,0
CUS-00400,14,7759.11,554.2221428571428,207.53,701.15,26.52857142857143,1,12,1
CUS-00401,10,6468.8,646.88,161.87,565.1800000000001,29.35,2,7,1
CUS-00402,19,11823.17,622.2721052631579,545.17,964.2,28.810526315789474,1,16,2
CUS-00403,21,12005.64,571.6971428571428,295.39000000000004,1072.15,32.4,1,20,0
CUS-00404,226,129957.93000000001,575.0350884955752,5128.65,11530.2,28.57433628318584,31,182,13
CUS-00405,21,14136.38,673.1609523809524,446.61,956.04,27.104761904761908,3,18,0
CUS-00406,13,8063.82,620.2938461538462,149.99,614.43,28.56153846153846,2,10,1
CUS-00407,49,31020.91,633.0797959183674,968.16,2359.83,28.257142857142856,9,37,3
CUS-00408,19,10369.02,545.7378947368421,165.17,1004.67,28.36315789473684,1,18,0
CUS-00409,9,4163.29,462.5877777777778,129.98000000000002,378.45,20.98888888888889,0,9,0
CUS-00410,74,44577.08,602.392972972973,1524.8,3722.57,25.58783783783784,12,60,2
CUS-00411,1,501.74,501.74,0.0,55.38,33.0,1,0,0
CUS-00412,12,6405.89,533.8241666666667,101.0,481.07,25.808333333333334,1,11,0
CUS-00413,5,2489.13,497.826,38.2,172.3,23.56,1,4,0
CUS-00414,10,4452.84,445.284,32.46,669.08,32.33,2,8,0
CUS-00415,25,14663.539999999999,586.5416,645.46,1440.25,33.696,5,17,3
CUS-00416,90,56098.24,623.3137777777778,1972.88,4968.43,30.82111111111111,7,81,2
CUS-00417,5,3216.6099999999997,643.3219999999999,32.04,148.29,15.080000000000002,0,5,0
CUS-00418,13,8028.21,617.5546153846154,133.17000000000002,659.6700000000001,28.023076923076925,3,10,0
CUS-00419,26,14536.130000000001,559.0819230769231,479.74,1258.07,27.573076923076922,4,21,1
CUS-00420,32,17843.45,557.6078125,286.11,1382.03,27.584375,4,27,1
CUS-00421,13,5799.02,446.07846153846157,108.78,940.27,41.83076923076923,3,10,0
CUS-00422,38,21476.11,565.1607894736842,903.87,1858.5,27.53421052631579,3,34,1
CUS-00423,9,4458.59,495.3988888888889,9.29,392.68,22.844444444444445,0,9,0
CUS-00424,2,1425.74,712.87,5.88,45.66,17.4,0,2,0
CUS-00425,19,12827.1,675.1105263157895,881.74,835.13,25.726315789473684,1,17,1
CUS-00426,23,14019.1,609.5260869565218,543.72,1423.73,31.617391304347827,2,21,0
CUS-00427,8,5201.61,650.20125,314.40999999999997,329.23,23.3625,0,7,1
CUS-00428,1,364.9,364.9,43.77,32.84,13.4,0,1,0
CUS-00429,9,4806.84,534.0933333333334,220.75,434.10999999999996,26.41111111111111,0,8,1
CUS-00430,86,49705.79,577.9743023255814,1055.04,4508.43,28.877906976744185,6,75,5
CUS-00431,36,18819.98,522.7772222222222,1052.94,1748.53,28.488888888888887,2,32,2
CUS-00432,41,27573.38,672.5214634146341,913.44,2174.85,28.958536585365852,1,40,0
CUS-00433,45,25177.11,559.4913333333334,757.72,2159.83,27.204444444444444,3,42,0
CUS-00434,10,5288.5599999999995,528.856,266.15999999999997,403.65,21.2,1,9,0
CUS-00435,15,9753.15,650.2099999999999,150.98000000000002,916.92,29.446666666666665,2,13,0
CUS-00436,1,369.4,369.4,14.35,38.56,10.6,0,1,0
CUS-00437,25,10169.05,406.76199999999994,319.84000000000003,1044.71,25.532000000000004,2,22,1
CUS-00438,7,4270.71,610.1014285714285,0.0,212.62,17.242857142857144,1,5,1
CUS-00439,6,2158.46,359.74333333333334,69.29,248.06,26.5,1,5,0
CUS-00440,22,12665.75,575.7159090909091,242.66,1126.95,29.586363636363636,2,20,0
CUS-00441,29,16087.85,554.7534482758621,272.8,1440.88,28.396551724137932,1,28,0
CUS-00442,8,4314.43,539.30375,154.3,313.75,22.175,3,5,0
CUS-00443,16,7911.87,494.491875,139.69,1097.98,34.625,1,14,1
CUS-00444,2,744.95,372.475,0.0,115.77,24.25,0,2,0
CUS-00445,11,7578.5,688.9545454545455,120.78,506.78,24.8,1,10,0
CUS-00446,2,1010.01,505.005,22.89,72.43,26.299999999999997,1,1,0
CUS-00447,30,17779.95,592.6650000000001,749.34,1642.38,32.09,2,27,1
CUS-00448,2,736.61,368.305,0.0,139.32,31.0,0,2,0
CUS-00449,87,49196.1,565.4724137931034,1513.9099999999999,4484.41,29.857471264367813,7,77,3
CUS-00450,22,10369.97,471.3622727272727,533.95,1191.9,34.413636363636364,4,16,2
CUS-00451,21,9629.039999999999,458.52571428571423,105.49000000000001,1163.14,29.90952380952381,4,16,1
CUS-00452,5,3583.29,716.658,342.56,170.59,20.06,2,3,0
CUS-00453,9,3741.72,415.74666666666667,33.99,461.71,28.1,0,9,0
CUS-00454,15,6610.85,440.72333333333336,597.98,1232.27,43.60666666666667,1,13,1
CUS-00455,15,7029.849999999999,468.65666666666664,104.44999999999999,676.76,23.9,1,14,0
CUS-00456,3,1969.1200000000001,656.3733333333333,19.48,135.07999999999998,18.366666666666667,0,3,0
CUS-00457,19,9777.18,514.5884210526316,220.39999999999998,948.74,28.894736842105264,1,16,2
CUS-00458,21,13564.53,645.9300000000001,889.6999999999999,1028.33,27.0,1,17,3
CUS-00459,9,6115.7300000000005,679.5255555555556,83.65,462.1,28.766666666666666,1,7,1
CUS-00460,37,19391.59,524.097027027027,228.57999999999998,1985.46,32.545945945945945,2,35,0
CUS-00461,42,21962.41,522.9145238095238,739.0400000000001,2088.26,27.06904761904762,3,38,1
CUS-00462,17,8840.039999999999,520.0023529411765,116.63999999999999,938.5,28.91176470588235,3,12,2
CUS-00463,5,2549.76,509.95200000000006,104.63,365.84000000000003,47.98,1,4,0
CUS-00464,42,23058.58,549.0138095238095,573.2,2311.0,32.67619047619048,6,32,4
CUS-00465,41,23155.38,564.7653658536585,416.35,1867.49,28.887804878048783,5,33,3
CUS-00466,13,7819.91,601.5315384615385,82.55999999999999,709.9,35.223076923076924,1,12,0
CUS-00467,18,8841.72,491.20666666666665,190.52,761.0,25.983333333333334,2,16,0
CUS-00468,15,9144.33,609.622,113.13,850.83,31.586666666666666,1,14,0
CUS-00469,28,14853.59,530.4853571428572,723.44,1235.2,27.760714285714283,2,25,1
CUS-00470,12,5924.8099999999995,493.7341666666666,172.67,600.65,28.275000000000002,2,9,1
CUS-00471,18,9636.48,535.36,384.93,709.37,21.08888888888889,1,17,0
CUS-00472,7,3672.2200000000003,524.6028571428571,202.04,281.38,25.442857142857143,0,6,1
CUS-00473,49,26771.38,546.3546938775511,670.35,2749.2400000000002,30.973469387755102,6,42,1
CUS-00474,25,14220.66,568.8264,506.89,1507.39,35.08,3,22,0
CUS-00475,43,26980.14,627.4451162790698,263.24,2027.27,26.204651162790697,2,41,0
CUS-00476,9,7231.3,803.4777777777778,57.800000000000004,446.78,23.444444444444443,3,6,0
CUS-00477,32,19053.03,595.4071875,259.96000000000004,1409.32,26.353125,4,26,2
CUS-00478,15,9285.67,619.0446666666667,492.07,740.2,23.39333333333333,4,11,0
CUS-00479,20,10085.12,504.25600000000003,233.94,986.77,30.160000000000004,3,17,0
CUS-00480,5,4710.28,942.0559999999999,590.4300000000001,425.18,41.1,0,5,0
CUS-00481,15,9367.33,624.4886666666666,128.83,674.72,24.606666666666666,2,11,2
CUS-00482,12,6189.57,515.7975,147.19,694.04,33.641666666666666,0,10,2
CUS-00483,20,12618.75,630.9375,494.67,1261.92,35.08,4,16,0
CUS-00484,4,1953.78,488.445,13.55,387.78999999999996,61.625,0,4,0
CUS-00485,26,15402.779999999999,592.4146153846153,301.67,1183.02,27.857692307692307,4,22,0
CUS-00486,18,8761.79,486.7661111111112,105.24000000000001,852.62,25.816666666666666,0,16,2
CUS-00487,35,23218.63,663.3894285714287,436.70000000000005,2006.19,30.93142857142857,3,31,1
CUS-00488,39,23359.67,598.9658974358974,838.14,2044.41,29.064102564102566,3,36,0
CUS-00489,1,419.34,419.34,45.46,50.45,16.5,0,1,0
CUS-00490,9,5482.7699999999995,609.1966666666666,128.25,389.14,25.799999999999997,2,6,1
CUS-00491,12,6406.92,533.91,77.72,554.84,25.866666666666664,0,12,0
CUS-00492,16,11061.81,691.363125,177.95999999999998,723.71,26.73125,1,14,1
CUS-00493,11,6033.72,548.52,338.88,516.07,26.39090909090909,2,8,1
CUS-00494,4,2120.19,530.0475,69.4,348.69,53.425,1,3,0
CUS-00495,29,15322.53,528.3631034482759,343.23,1604.08,33.0,4,24,1
CUS-00496,8,4074.63,509.32875,54.35,389.92,28.55,1,7,0
CUS-00497,12,6496.14,541.345,242.88,647.62,32.0,2,10,0
CUS-00498,68,37684.47,554.1833823529412,1232.1,3506.33,29.45294117647059,9,58,1
CUS-00499,14,9227.5,659.1071428571429,179.95,544.41,24.657142857142855,1,13,0
CUS-00500,48,26233.45,546.5302083333333,1334.58,2368.4,28.09583333333333,5,41,2
CUS-00501,21,11596.35,552.2071428571429,912.74,989.84,29.928571428571427,0,20,1
CUS-00502,30,13482.619999999999,449.42066666666665,1005.31,2298.7,38.60333333333333,1,29,0
CUS-00503,11,6589.92,599.0836363636364,525.22,501.53000000000003,25.90909090909091,1,10,0
CUS-00504,19,10492.15,552.2184210526316,122.57000000000001,994.91,26.88421052631579,2,16,1
CUS-00505,201,110772.55,551.1072139303483,2851.73,10036.93,27.634328358208954,16,180,5
CUS-00506,7,4579.42,654.2028571428572,17.08,292.39,27.400000000000002,1,6,0
CUS-00507,9,4290.23,476.6922222222222,120.63,445.42,25.322222222222223,1,8,0
CUS-00508,23,15250.4,663.0608695652173,64.58,1029.38,27.70434782608696,3,19,1
CUS-00509,3,1534.0099999999998,511.3366666666666,0.0,176.82,42.03333333333333,0,3,0
CUS-00510,9,4343.34,482.59333333333336,135.08,303.36,19.22222222222222,2,7,0
CUS-00511,7,4764.14,680.5914285714287,271.81,311.36,22.67142857142857,2,4,1
CUS-00513,9,4842.29,538.0322222222222,51.69,661.69,43.15555555555555,1,7,1
CUS-00514,6,2885.54,480.92333333333335,10.41,432.23,36.93333333333333,0,6,0
CUS-00515,10,5122.48,512.2479999999999,219.20000000000002,673.14,40.489999999999995,0,10,0
CUS-00516,7,2998.5699999999997,428.3671428571428,80.35,302.61,27.214285714285715,0,7,0
CUS-00517,4,2237.99,559.4975,204.10999999999999,308.71,36.25,1,3,0
CUS-00518,20,13376.57,668.8285,461.76,1027.32,26.945,3,16,1
CUS-00519,8,5372.41,671.55125,118.15,495.03000000000003,35.712500000000006,1,7,0
CUS-00520,8,4302.5599999999995,537.8199999999999,81.09,462.71000000000004,29.675,1,7,0
CUS-00521,4,3199.88,799.97,136.33,139.94,21.15,0,4,0
CUS-00522,37,21226.64,573.6929729729729,452.55,2014.84,28.6,4,29,4
CUS-00523,21,14407.43,686.0680952380952,374.71,1035.95,26.700000000000003,1,19,1
CUS-00524,16,9028.37,564.273125,158.23000000000002,859.34,32.2375,1,15,0
CUS-00525,49,27572.46,562.7032653061224,589.3399999999999,2631.83,29.56122448979592,2,46,1
CUS-00526,3,2068.2,689.4,35.76,228.93,45.36666666666667,0,3,0
CUS-00527,3,1868.2600000000002,622.7533333333334,51.0,79.76,19.599999999999998,0,3,0
CUS-00528,5,2754.43,550.886,11.89,277.4,32.739999999999995,1,4,0
CUS-00529,20,11430.16,571.508,297.03999999999996,936.74,28.660000000000004,1,19,0
CUS-00530,1,203.32,203.32,4.09,25.23,17.3,0,1,0
CUS-00531,2,1074.4099999999999,537.2049999999999,35.89,111.0,20.1,0,2,0
CUS-00532,3,2367.41,789.1366666666667,330.95,108.73,18.7,0,3,0
CUS-00533,16,8730.47,545.654375,603.48,778.82,27.925,4,12,0
CUS-00534,11,4951.35,450.12272727272733,56.760000000000005,768.96,38.699999999999996,1,10,0
CUS-00535,1,323.38,323.38,0.0,76.99,41.5,0,1,0
CUS-00536,17,8908.87,524.0511764705883,298.32,801.78,30.288235294117644,1,15,1
CUS-00537,18,9221.92,512.3288888888889,380.85,1043.81,30.672222222222224,2,16,0
CUS-00538,6,3363.94,560.6566666666666,119.41,287.08,26.28333333333333,0,6,0
CUS-00539,5,4330.88,866.176,638.49,282.09000000000003,35.3,0,5,0
CUS-00540,16,10434.82,652.17625,202.45,925.3,31.04375,2,13,1
CUS-00541,33,19030.9,576.6939393939394,741.03,1644.63,29.375757575757575,1,30,2
CUS-00542,6,2498.06,416.3433333333333,0.25,238.17000000000002,20.400000000000002,0,6,0
CUS-00543,17,7778.64,457.5670588235294,244.82999999999998,839.09,26.658823529411762,2,15,0
CUS-00544,5,3037.99,607.598,98.06,405.43,36.160000000000004,1,4,0
CUS-00545,19,10685.78,562.4094736842105,494.40000000000003,861.38,25.53157894736842,1,15,3
CUS-00546,19,11418.37,600.9668421052633,251.8,1012.19,30.626315789473683,0,17,2
CUS-00547,16,7710.72,481.92,204.09,773.0600000000001,27.5,0,16,0
CUS-00548,54,30907.62,572.3633333333333,694.0,2906.64,31.75740740740741,3,50,1
CUS-00549,15,8450.92,563.3946666666667,213.67,729.35,27.253333333333334,3,11,1
CUS-00550,6,3985.15,664.1916666666667,154.12,262.01,24.933333333333334,0,6,0
CUS-00551,30,17729.99,590.9996666666667,585.69,1668.8,33.6,3,26,1
CUS-00552,14,8979.34,641.3814285714286,435.25,724.77,25.72142857142857,2,11,1
CUS-00553,15,10758.869999999999,717.2579999999999,752.97,877.15,31.506666666666668,0,13,2
CUS-00554,33,17674.59,535.5936363636364,1752.43,1851.71,31.427272727272726,1,29,3
CUS-00555,5,2228.09,445.61800000000005,142.14,204.32,20.18,0,5,0
CUS-00556,13,7563.84,581.8338461538461,187.39000000000001,724.5600000000001,29.607692307692307,4,8,1
CUS-00557,6,2423.99,403.9983333333333,15.99,331.19,35.56666666666667,0,6,0
CUS-00558,10,6377.79,637.779,143.11,426.65,21.86,0,10,0
CUS-00559,49,29006.51,591.9695918367347,1430.19,2511.4900000000002,29.5734693877551,3,45,1
CUS-00560,18,10862.32,603.4622222222222,82.8,747.75,23.505555555555556,2,15,1
CUS-00561,10,4358.88,435.88800000000003,193.55,500.12,25.4,0,9,1
CUS-00562,33,19772.97,599.1809090909092,584.63,1828.05,32.27272727272727,5,26,2
CUS-00563,19,10714.28,563.9094736842105,127.35,875.36,28.605263157894736,2,17,0
CUS-00564,12,7029.48,585.79,297.22,590.43,27.875,1,11,0
CUS-00565,18,11295.71,627.5394444444444,274.7,891.01,26.483333333333334,1,17,0
CUS-00566,30,16020.13,534.0043333333333,421.34,1473.8400000000001,28.583333333333332,4,25,1
CUS-00567,8,4616.72,577.09,99.22,416.48,32.7625,0,8,0
CUS-00568,1,530.27,530.27,12.92,33.2,12.3,0,1,0
CUS-00569,5,3036.98,607.396,214.56,364.49,39.14,0,5,0
CUS-00570,22,11716.66,532.5754545454546,619.94,1141.6200000000001,31.69545454545454,3,18,1
CUS-00571,7,4239.68,605.6685714285715,51.339999999999996,269.57,19.071428571428573,1,6,0
CUS-00572,15,9428.69,628.5793333333334,294.53,1042.79,37.473333333333336,3,12,0
CUS-00573,4,1810.71,452.6775,2.62,183.79,26.125,0,3,1
CUS-00574,38,19857.45,522.5644736842105,258.73,2235.59,32.42631578947368,7,30,1
CUS-00575,25,16706.53,668.2611999999999,584.84,1303.82,27.471999999999998,4,19,2
CUS-00576,3,1226.7400000000002,408.9133333333334,1.73,151.31,25.46666666666667,0,3,0
CUS-00578,44,23992.36,545.2809090909091,728.03,2182.7,31.10909090909091,4,40,0
CUS-00579,10,6022.25,602.225,288.2,545.0,31.689999999999998,1,9,0
CUS-00580,1,412.61,412.61,0.0,23.82,11.3,0,1,0
CUS-00582,276,156944.26,568.6386231884059,5317.71,13801.91,28.96014492753623,29,238,9
CUS-00583,19,12100.8,636.8842105263158,345.12,1228.8,34.578947368421055,2,16,1
CUS-00584,13,6493.03,499.46384615384613,208.26,766.48,31.615384615384617,1,12,0
CUS-00585,16,8636.15,539.759375,161.67000000000002,878.26,31.65625,4,12,0
CUS-00586,2,903.45,451.725,3.44,128.14,36.05,0,2,0
CUS-00587,21,11464.94,545.9495238095238,27.900000000000002,1212.02,27.67142857142857,2,18,1
CUS-00588,27,14726.4,545.4222222222222,733.41,1185.83,26.425925925925927,1,24,2
CUS-00589,6,3870.47,645.0783333333333,86.13999999999999,266.5,22.166666666666668,0,6,0
CUS-00590,24,14428.619999999999,601.1925,635.56,1112.75,24.34583333333333,0,24,0
CUS-00591,79,44574.83,564.2383544303798,1296.21,3863.35,29.372151898734177,12,62,5
CUS-00592,58,36701.92,632.791724137931,949.09,3093.63,28.9948275862069,4,48,6
CUS-00593,7,4016.36,573.7657142857144,576.32,240.65,24.62857142857143,1,5,1
CUS-00594,3,2572.87,857.6233333333333,23.29,142.82,35.63333333333333,0,3,0
CUS-00595,28,16190.81,578.2432142857143,789.31,1298.34,26.25357142857143,2,26,0
CUS-00596,19,12455.029999999999,655.5278947368421,141.92000000000002,1031.09,34.300000000000004,2,17,0
CUS-00597,2,2518.04,1259.02,294.74,57.650000000000006,17.799999999999997,0,2,0
CUS-00598,9,8297.83,921.9811111111111,700.75,256.43,21.655555555555555,2,7,0
CUS-00599,5,2423.94,484.788,35.89,213.6,30.98,0,4,1
CUS-00600,31,15768.72,508.66838709677415,304.83,1627.31,30.003225806451614,5,24,2
CUS-00601,9,4557.84,506.4266666666667,84.79,500.1,30.38888888888889,1,8,0
CUS-00602,44,26295.9,597.6340909090909,1446.41,2398.9900000000002,28.68409090909091,3,41,0
CUS-00603,10,5731.64,573.164,283.82,381.69,21.5,1,9,0
CUS-00604,46,26645.48,579.2495652173913,652.12,2716.59,35.493478260869566,3,39,4
CUS-00605,9,4871.14,541.2377777777779,411.97,440.29,28.700000000000003,1,8,0
CUS-00606,17,8245.69,485.04058823529414,197.14,983.19,33.84117647058823,2,15,0
CUS-00607,1,295.59,295.59,0.0,40.91,35.8,0,1,0
CUS-00608,28,17222.97,615.1060714285715,547.89,1255.41,25.160714285714285,1,27,0
CUS-00609,2,864.52,432.26,53.0,65.31,29.2,0,2,0
CUS-00610,23,12963.91,563.6482608695652,712.0500000000001,1248.08,32.1695652173913,1,21,1
CUS-00611,30,16452.62,548.4206666666666,601.5400000000001,1301.45,24.933333333333334,2,26,2
CUS-00612,2,750.4200000000001,375.21000000000004,0.0,90.25,28.650000000000002,0,1,1
CUS-00613,29,17863.48,615.9820689655172,612.25,1399.68,27.724137931034484,3,23,3
CUS-00614,3,1994.94,664.98,12.62,98.49000000000001,22.733333333333334,0,3,0
CUS-00615,30,17064.7,568.8233333333334,761.26,1588.34,28.816666666666666,4,25,1
CUS-00616,21,13645.05,649.7642857142857,298.54999999999995,892.51,23.271428571428572,1,19,1
CUS-00617,39,21644.42,554.9851282051281,852.36,1863.0,27.776923076923076,4,35,0
CUS-00618,23,12623.08,548.8295652173913,360.40000000000003,1278.03,32.69565217391305,2,20,1
CUS-00619,15,7470.77,498.0513333333334,113.28999999999999,692.54,26.746666666666666,1,12,2
CUS-00620,5,2602.37,520.4739999999999,31.740000000000002,248.89000000000001,22.32,0,5,0
CUS-00621,9,4572.01,508.00111111111113,81.32,373.79999999999995,23.799999999999997,0,8,1
CUS-00622,15,8708.9,580.5933333333334,492.09,756.68,28.846666666666668,1,13,1
CUS-00623,9,5182.46,575.8288888888889,105.87,596.02,33.05555555555556,4,5,0
CUS-00624,41,20663.77,503.99439024390244,576.73,2224.53,32.853658536585364,5,32,4
CUS-00625,11,4369.62,397.23818181818183,235.14999999999998,485.27,27.636363636363637,1,9,1
CUS-00626,23,12299.59,534.7647826086957,645.02,1344.5,34.86086956521739,2,20,1
CUS-00627,4,1600.75,400.1875,41.2,192.0,20.0,0,4,0
CUS-00628,1,1135.5,1135.5,44.21,29.31,28.9,0,1,0
CUS-00629,8,3668.49,458.56125,64.42,445.29999999999995,31.15,1,7,0
CUS-00630,20,11812.13,590.6065,257.57,1030.48,27.51,4,15,1
CUS-00631,4,2725.29,681.3225,131.63,172.19,19.875,1,3,0
CUS-00632,42,25741.04,612.8819047619048,887.6,2073.35,27.45952380952381,6,33,3
CUS-00633,13,7663.14,589.4723076923077,181.59,767.67,30.96153846153846,0,12,1
CUS-00634,2,1573.26,786.63,0.0,52.07,24.7,0,2,0
CUS-00635,18,8206.39,455.9105555555555,270.31,1156.12,34.18888888888889,1,16,1
CUS-00636,19,9148.41,481.4952631578947,490.06,967.56,29.110526315789475,1,17,1
CUS-00637,23,15618.61,679.07,1045.24,1078.99,28.93913043478261,2,19,2
CUS-00638,5,2956.06,591.212,16.97,217.52,22.66,1,4,0
CUS-00639,36,16695.85,463.77361111111105,281.77,1827.45,28.936111111111114,4,31,1
CUS-00640,27,15093.8,559.0296296296297,501.85,1604.97,31.57037037037037,3,24,0
CUS-00641,14,5624.8,401.7714285714286,129.61,657.63,27.87142857142857,1,12,1
CUS-00642,2,831.85,415.925,0.0,219.69,22.85,1,1,0
CUS-00643,22,11730.23,533.1922727272727,508.55,842.66,23.522727272727273,2,18,2
CUS-00644,3,1208.42,402.8066666666667,27.69,219.88,41.0,1,2,0
CUS-00645,3,1689.78,563.26,83.32,105.43,19.166666666666668,0,3,0
CUS-00646,7,4516.79,645.2557142857142,51.49,397.16,34.24285714285714,1,6,0
CUS-00647,5,4565.79,913.158,73.04,172.98999999999998,32.28,0,5,0
CUS-00648,14,7126.75,509.05357142857144,351.45,780.3199999999999,31.892857142857142,1,13,0
CUS-00649,23,12086.28,525.4904347826088,239.98,1276.41,35.3,1,22,0
CUS-00650,33,19818.77,600.5687878787879,564.21,1607.47,28.703030303030303,4,28,1
CUS-00651,32,19897.06,621.783125,545.5600000000001,1503.04,26.1,4,24,4
CUS-00652,40,19302.42,482.56049999999993,1141.82,1957.84,26.442500000000003,3,35,2
CUS-00653,4,2298.4,574.6,148.94,130.48,14.025,0,4,0
CUS-00654,3,2187.74,729.2466666666666,163.27,86.19,28.0,0,2,1
CUS-00655,15,9302.51,620.1673333333333,97.39999999999999,798.29,30.006666666666668,1,14,0
CUS-00656,47,29208.73,621.4623404255319,360.14,2229.85,28.951063829787234,1,43,3
CUS-00657,55,29457.1,535.5836363636363,656.56,2755.16,29.39272727272727,2,48,5
CUS-00658,21,19026.350000000002,906.0166666666668,613.02,996.17,25.985714285714288,2,19,0
CUS-00659,15,7555.58,503.70533333333333,201.42000000000002,783.76,30.986666666666668,1,13,1
CUS-00660,29,12944.0,446.3448275862069,227.27,1593.71,28.844827586206897,1,28,0
CUS-00661,15,8158.13,543.8753333333333,137.85,612.39,23.3,1,14,0
CUS-00662,28,21412.76,764.7414285714285,398.22,1785.33,38.074999999999996,4,24,0
CUS-00663,91,54480.76,598.6896703296703,1260.45,4634.89,28.36263736263736,8,78,5
CUS-00664,15,9888.71,659.2473333333332,477.43,576.4399999999999,22.27333333333333,3,12,0
CUS-00665,57,36453.56,639.5361403508772,1003.27,3111.33,31.98771929824561,7,47,3
CUS-00666,20,13490.8,674.54,668.21,1030.42,31.155,1,19,0
CUS-00667,7,4222.21,603.1728571428572,45.050000000000004,395.34,30.857142857142858,0,7,0
CUS-00668,27,17812.11,659.7077777777778,526.14,1550.49,35.43703703703704,0,27,0
CUS-00669,7,4718.22,674.0314285714286,93.78999999999999,322.62,31.057142857142853,3,4,0
CUS-00670,28,13106.470000000001,468.08821428571434,410.16999999999996,1630.74,29.914285714285715,5,22,1
CUS-00671,50,28004.59,560.0918,539.9,2860.46,34.172,6,41,3
CUS-00672,13,5620.7300000000005,432.36384615384617,193.73000000000002,677.85,28.45384615384615,2,11,0
CUS-00673,4,2215.12,553.78,0.0,198.38,35.625,0,4,0
CUS-00674,8,4338.91,542.36375,32.47,293.40999999999997,23.9875,1,6,1
CUS-00675,10,4894.69,489.46899999999994,55.71,524.3000000000001,29.82,1,8,1
CUS-00676,15,8452.0,563.4666666666667,139.45,885.15,33.8,0,14,1
CUS-00677,8,3592.56,449.07,145.89,585.8399999999999,41.0875,0,8,0
CUS-00678,16,9013.77,563.360625,527.4,882.7,35.33125,1,14,1
CUS-00680,28,16751.97,598.2846428571429,386.48,1927.99,39.964285714285715,0,26,2
CUS-00681,4,2207.1,551.775,21.77,183.36,31.299999999999997,1,3,0
CUS-00682,24,12472.86,519.7025,473.21,1044.47,23.4875,1,22,1
CUS-00683,20,12293.67,614.6835,89.22,1076.94,30.315000000000005,0,18,2
CUS-00684,2,1856.48,928.24,12.11,91.74000000000001,25.5,0,2,0
CUS-00685,3,2688.6099999999997,896.2033333333333,267.34,146.64000000000001,28.766666666666666,0,3,0
CUS-00686,21,13926.75,663.1785714285714,842.7800000000001,998.88,25.695238095238096,3,16,2
CUS-00688,33,17085.59,517.7451515151515,751.36,2018.59,34.19090909090909,3,27,3
CUS-00689,20,13376.98,668.8489999999999,610.79,1064.1,32.745,3,17,0
CUS-00690,2,1390.87,695.435,0.0,84.27000000000001,29.75,0,2,0
CUS-00691,26,13675.06,525.9638461538461,545.01,1201.62,26.23846153846154,6,20,0
CUS-00692,7,2687.9,383.9857142857143,29.93,222.03,16.442857142857143,1,6,0
CUS-00693,5,1967.52,393.504,25.490000000000002,219.8,28.939999999999998,1,4,0
CUS-00694,7,6088.67,869.8100000000001,174.45000000000002,240.47,23.12857142857143,1,6,0
CUS-00695,34,21855.1,642.7970588235294,711.57,1613.9,28.99705882352941,3,28,3
CUS-00697,10,6732.58,673.258,229.26,469.64,34.5,3,7,0
CUS-00698,6,3457.32,576.22,13.9,342.78000000000003,33.93333333333333,0,6,0
CUS-00699,53,30529.8,576.0339622641509,1091.3799999999999,2854.0299999999997,32.824528301886794,1,46,6
CUS-00700,2,898.7099999999999,449.35499999999996,0.0,103.11000000000001,20.0,1,1,0
CUS-00701,22,12235.9,556.1772727272727,199.54,967.15,27.05909090909091,3,17,2
CUS-00702,16,11376.02,711.00125,326.94,730.55,27.93125,1,14,1
CUS-00703,7,3268.4399999999996,466.91999999999996,130.22,485.46000000000004,30.8,2,4,1
CUS-00705,5,1973.53,394.706,129.66,350.87,37.78,1,4,0
CUS-00706,8,3652.93,456.61625,138.49,403.37,26.625,2,6,0
CUS-00707,1,1268.33,1268.33,0.0,38.75,26.2,0,1,0
CUS-00708,3,1262.08,420.6933333333333,0.0,92.53,15.300000000000002,0,2,1
CUS-00709,17,11049.18,649.9517647058824,700.0699999999999,1005.85,29.852941176470587,0,17,0
CUS-00710,19,9829.71,517.3531578947368,480.22,1100.2,29.41578947368421,2,17,0
CUS-00711,7,4551.17,650.1671428571428,34.05,262.46999999999997,25.885714285714283,3,4,0
CUS-00712,8,3155.1,394.3875,81.24,249.69,17.6125,1,7,0
CUS-00713,6,4646.88,774.48,0.0,227.65,21.0,0,6,0
CUS-00714,23,15469.74,672.5973913043479,226.64000000000001,1237.74,32.80869565217392,6,16,1
CUS-00715,11,6151.35,559.2136363636364,129.36,561.54,31.89090909090909,0,10,1
CUS-00716,10,4731.54,473.154,164.18,415.17,26.29,0,9,1
CUS-00717,4,3279.28,819.82,47.71,162.97,23.4,1,3,0
CUS-00718,34,16506.44,485.48352941176466,593.09,1853.83,31.61764705882353,2,31,1
CUS-00719,22,14244.34,647.47,935.13,1170.64,28.14090909090909,2,20,0
CUS-00720,13,7436.4800000000005,572.0369230769231,113.49000000000001,588.12,23.123076923076926,3,9,1
CUS-00721,44,25363.49,576.4429545454545,1304.93,2154.14,30.13409090909091,9,33,2
CUS-00722,8,3792.3199999999997,474.03999999999996,58.16,354.14,26.4625,2,6,0
CUS-00723,9,5454.6,606.0666666666667,376.87,362.22,20.555555555555557,0,9,0
CUS-00724,1,565.5,565.5,0.0,34.59,19.0,0,1,0
CUS-00725,161,90307.73,560.9175776397515,3342.0099999999998,8087.64,27.680124223602483,19,129,13
CUS-00726,12,6333.59,527.7991666666667,382.22,555.72,24.083333333333332,1,10,1
CUS-00727,26,15185.44,584.0553846153846,739.53,1474.7,28.642307692307693,4,22,0
CUS-00728,30,15035.74,501.1913333333333,247.31,1728.79,31.683333333333334,2,27,1
CUS-00729,19,9591.44,504.8126315789474,566.16,991.69,27.77368421052632,1,17,1
CUS-00730,34,19353.12,569.2094117647058,634.28,2055.19,35.4264705882353,3,31,0
CUS-00731,2,761.85,380.925,0.0,88.66,35.75,0,2,0
CUS-00732,42,21571.88,513.6161904761905,725.71,2088.34,26.62142857142857,6,36,0
CUS-00733,11,5632.04,512.0036363636364,197.98000000000002,441.99,24.1,0,11,0
CUS-00734,1,135.55,135.55,0.0,27.18,21.4,0,1,0
CUS-00736,36,25362.82,704.5227777777777,604.78,2190.57,33.705555555555556,2,32,2
CUS-00737,15,7390.47,492.69800000000004,120.26,791.54,30.86,3,12,0
CUS-00738,1,448.29,448.29,0.0,22.87,13.1,0,1,0
CUS-00739,19,10688.16,562.5347368421053,187.97,979.09,28.589473684210528,4,15,0
CUS-00740,15,11315.38,754.3586666666666,238.26999999999998,967.89,33.04666666666667,2,11,2
CUS-00741,5,2731.2,546.24,53.849999999999994,261.38,28.880000000000003,0,5,0
CUS-00742,14,7833.86,559.5614285714286,640.27,681.3000000000001,28.035714285714285,4,10,0
CUS-00743,34,18391.29,540.9202941176471,487.03,1722.87,28.16176470588235,4,30,0
CUS-00744,3,1607.05,535.6833333333333,29.05,263.88,35.46666666666667,2,1,0
CUS-00745,27,15611.98,578.2214814814814,255.21999999999997,1297.63,27.42222222222222,3,24,0
CUS-00746,13,7049.62,542.2784615384616,112.12,602.79,23.184615384615384,0,11,2
CUS-00747,33,17858.24,541.158787878788,491.7,1733.62,27.551515151515154,2,30,1
CUS-00748,14,7661.27,547.2335714285715,92.39,652.0,29.235714285714288,2,12,0
CUS-00749,15,7113.23,474.2153333333333,115.91,757.48,27.913333333333334,1,14,0
CUS-00750,17,7927.51,466.3241176470588,126.85,844.29,27.688235294117646,2,14,1
CUS-00751,5,3444.1,688.8199999999999,9.219999999999999,192.66,22.619999999999997,0,5,0
CUS-00752,2,962.74,481.37,73.57,112.94,34.35,0,2,0
CUS-00753,37,19755.5,533.9324324324324,1170.05,1505.16,23.462162162162162,3,34,0
CUS-00754,4,2805.8,701.45,94.8,202.4,30.2,0,4,0
CUS-00755,28,14118.42,504.2292857142857,199.85,1246.64,26.317857142857143,2,25,1
CUS-00756,30,15879.51,529.317,577.22,1383.54,27.456666666666667,2,24,4
CUS-00757,82,46268.86,564.2543902439024,1807.0,4483.7,29.271951219512196,9,67,6
CUS-00758,1,412.41,412.41,0.0,75.03,41.9,0,1,0
CUS-00759,7,3618.66,516.9514285714286,21.51,352.78999999999996,29.342857142857145,1,5,1
CUS-00760,32,15472.93,483.5290625,892.15,1405.56,23.44375,3,27,2
CUS-00761,51,28547.85,559.7617647058823,1208.3,2720.61,31.92549019607843,4,43,4
CUS-00762,18,11995.85,666.4361111111111,288.56,782.83,29.061111111111114,1,16,1
CUS-00763,2,2038.14,1019.07,11.56,95.13,26.55,0,2,0
CUS-00764,11,5860.78,532.7981818181818,98.69,530.29,25.454545454545453,1,10,0
CUS-00765,13,7177.27,552.0976923076923,177.11,778.0699999999999,28.607692307692307,0,12,1
CUS-00766,5,2096.69,419.338,23.21,250.62,36.82,0,4,1
CUS-00767,40,24447.21,611.18025,285.68,2326.04,32.3175,1,39,0
CUS-00768,22,10773.02,489.6827272727273,115.28999999999999,1039.43,26.345454545454547,2,19,1
CUS-00769,5,2836.11,567.222,90.72,223.98999999999998,24.48,1,4,0
CUS-00770,24,12712.11,529.67125,529.21,1311.56,32.36666666666667,2,22,0
CUS-00771,10,5875.51,587.551,59.690000000000005,598.16,27.35,1,9,0
CUS-00772,11,6672.82,606.62,114.88,395.49,25.91818181818182,2,9,0
CUS-00773,14,9169.7,654.9785714285715,973.46,881.68,38.892857142857146,1,13,0
CUS-00774,20,13383.74,669.187,526.91,1032.12,27.285000000000004,1,19,0
CUS-00775,16,10039.14,627.44625,318.32,566.58,18.6875,3,13,0
CUS-00776,9,3912.69,434.74333333333334,52.81,391.12,28.244444444444447,3,4,2
CUS-00777,8,2922.52,365.315,28.45,300.95,21.15,1,7,0
CUS-00778,2,723.81,361.905,9.35,100.27,27.55,0,2,0
CUS-00779,5,3522.33,704.466,9.75,242.82,29.360000000000003,0,5,0
CUS-00780,7,4212.14,601.7342857142858,39.04,290.96,22.900000000000002,1,6,0
CUS-00781,21,10776.17,513.1509523809524,272.52,979.87,26.595238095238095,2,18,1
CUS-00782,6,3450.02,575.0033333333333,310.15999999999997,417.03999999999996,41.78333333333333,0,6,0
CUS-00783,26,12528.71,481.8734615384615,289.97,1406.25,30.342307692307692,3,23,0
CUS-00785,24,12581.49,524.22875,358.78,1449.96,34.675000000000004,3,18,3
CUS-00786,84,51977.729999999996,618.7824999999999,734.0,4290.99,28.884523809523813,8,73,3
CUS-00787,13,7425.42,571.1861538461538,231.03,796.22,33.276923076923076,0,11,2
CUS-00788,54,32998.54,611.0840740740741,794.72,2888.1,29.71666666666667,6,47,1
CUS-00789,1,471.82,471.82,0.0,31.39,25.9,0,1,0
CUS-00790,14,7481.57,534.3978571428571,451.43,677.71,36.69285714285714,3,10,1
CUS-00791,8,6065.88,758.235,22.869999999999997,354.22,24.15,1,7,0
CUS-00792,26,12638.539999999999,486.0976923076923,154.7,1313.16,27.838461538461537,5,21,0
CUS-00793,49,25433.8,519.0571428571428,714.73,2690.07,30.575510204081635,7,41,1
CUS-00795,22,10546.91,479.405,400.17,969.98,22.731818181818184,3,19,0
CUS-00796,4,2593.09,648.2725,20.81,240.39000000000001,33.9,1,3,0
CUS-00797,5,2989.0099999999998,597.8019999999999,13.48,220.83,41.480000000000004,0,5,0
CUS-00798,16,8794.68,549.6675,988.69,1107.09,41.20625,3,11,2
CUS-00799,19,11083.71,583.3531578947368,333.2,911.85,29.22105263157895,3,15,1
CUS-00800,4,1761.12,440.28,93.37,122.9,15.774999999999999,0,4,0
CUS-00801,44,31059.3,705.8931818181818,1895.19,2247.34,27.575,4,36,4
CUS-00802,40,21274.420000000002,531.8605,656.04,2116.98,28.152499999999996,1,37,2
CUS-00803,13,6293.32,484.10153846153844,125.02000000000001,562.3,22.54615384615385,3,10,0
CUS-00804,9,4032.93,448.1033333333333,56.97,552.98,33.011111111111106,3,6,0
CUS-00805,7,5146.9,735.2714285714285,4.04,277.14,19.3,1,6,0
CUS-00807,6,2473.9700000000003,412.3283333333334,110.80999999999999,315.67,33.71666666666667,1,5,0
CUS-00808,15,7823.62,521.5746666666666,567.91,637.29,23.586666666666666,0,15,0
CUS-00809,12,4593.15,382.7625,119.19999999999999,565.98,26.974999999999998,0,11,1
CUS-00810,17,9800.08,576.4752941176471,187.10000000000002,863.32,27.78235294117647,5,11,1
CUS-00811,12,6900.16,575.0133333333333,91.92,536.41,29.583333333333332,1,11,0
CUS-00812,11,7034.25,639.4772727272727,374.54,531.5699999999999,31.3,1,9,1
CUS-00813,3,1545.69,515.23,253.77,147.12,38.93333333333333,0,2,1
CUS-00814,30,17973.53,599.1176666666667,1037.97,1607.26,30.993333333333332,4,26,0
CUS-00815,3,820.35,273.45,18.87,270.72,45.93333333333334,0,3,0
CUS-00816,16,11628.78,726.79875,969.8000000000001,882.97,30.5625,1,15,0
CUS-00817,4,2396.69,599.1725,0.0,181.77,25.6,0,4,0
CUS-00818,26,16448.78,632.6453846153846,340.06,1395.92,28.407692307692308,3,22,1
CUS-00819,13,6174.6900000000005,474.97615384615386,288.16999999999996,620.09,36.246153846153845,2,11,0
CUS-00820,8,5287.35,660.91875,257.29999999999995,358.65,39.6375,1,7,0
CUS-00821,15,13831.51,922.1006666666667,1368.4,930.0,31.233333333333334,2,13,0
CUS-00822,28,15847.49,565.9817857142857,439.48,1432.1399999999999,28.585714285714285,4,22,2
CUS-00823,39,23245.54,596.0394871794872,438.82,2257.19,34.65128205128205,4,35,0
CUS-00824,22,12079.93,549.0877272727273,682.64,1039.47,27.222727272727273,2,20,0
CUS-00825,22,10407.12,473.0509090909091,333.36,1212.67,27.913636363636364,2,19,1
CUS-00826,9,6279.69,697.7433333333333,153.97,418.51,24.0,1,7,1
CUS-00827,6,2648.34,441.39000000000004,27.43,284.55,25.016666666666666,1,4,1
CUS-00828,47,28175.96,599.4885106382978,1218.51,2674.66,32.55531914893617,4,41,2
CUS-00829,4,2369.11,592.2775,31.68,241.7,39.475,0,4,0
CUS-00830,11,5127.74,466.1581818181818,35.91,452.4,26.372727272727275,2,8,1
CUS-00831,3,869.23,289.74333333333334,62.980000000000004,142.14999999999998,28.400000000000002,0,3,0
CUS-00832,8,4337.9800000000005,542.2475000000001,92.15,513.6,41.4875,1,6,1
CUS-00833,16,6994.77,437.173125,197.14,966.45,32.19375,3,12,1
CUS-00834,16,9563.47,597.716875,484.55,672.0699999999999,24.3,4,11,1
CUS-00835,16,9560.82,597.55125,385.64,709.42,30.475,0,16,0
CUS-00836,26,15356.75,590.6442307692307,223.55,1314.83,27.38076923076923,5,19,2
CUS-00837,15,8688.44,579.2293333333333,567.0,678.58,32.7,3,11,1
CUS-00838,24,12497.95,520.7479166666667,519.06,1060.6100000000001,25.125,2,22,0
CUS-00839,66,29668.0,449.5151515151515,553.73,3506.23,28.165151515151518,6,57,3
CUS-00840,20,9819.8,490.98999999999995,263.94,818.42,27.645,0,20,0
CUS-00841,28,13153.69,469.77464285714285,416.63,1851.33,36.18928571428571,3,23,2
CUS-00842,31,18397.62,593.4716129032257,922.33,1900.16,37.03548387096774,2,25,4
CUS-00843,4,2258.74,564.685,149.44,184.19,31.575000000000003,2,1,1
CUS-00844,24,12851.13,535.46375,666.87,1175.02,27.291666666666668,1,23,0
CUS-00845,34,20627.57,606.6932352941176,374.72999999999996,1894.33,31.1,5,27,2
CUS-00846,12,7492.360000000001,624.3633333333333,53.14,485.4,18.441666666666666,0,11,1
CUS-00847,2,985.64,492.82,15.58,110.08,45.1,0,2,0
CUS-00848,5,3145.55,629.11,56.07,177.87,21.1,0,4,1
CUS-00849,24,15266.2,636.0916666666667,81.92,1367.77,31.3625,2,21,1
CUS-00850,13,7877.5599999999995,605.9661538461538,160.89,561.5699999999999,26.284615384615385,1,12,0
CUS-00851,14,10490.01,749.2864285714286,247.43,714.47,34.42142857142857,0,14,0
CUS-00852,9,8326.2,925.1333333333334,37.25,478.55,28.01111111111111,2,7,0
CUS-00853,32,19257.36,601.7925,362.12,1811.81,33.259375,3,27,2
CUS-00854,4,1909.4099999999999,477.35249999999996,0.0,255.68,27.525,0,4,0
CUS-00855,14,6260.21,447.15785714285715,126.61,580.39,22.821428571428573,1,13,0
CUS-00856,8,3573.04,446.63,514.39,421.97,38.099999999999994,1,6,1
CUS-00857,7,4502.01,643.1442857142857,416.9,364.72,35.57142857142857,2,5,0
CUS-00858,18,8931.53,496.1961111111111,41.13,746.34,28.311111111111114,0,18,0
CUS-00859,5,1917.95,383.59000000000003,30.400000000000002,185.92,24.78,0,5,0
CUS-00860,21,14878.359999999999,708.4933333333332,438.51,1031.26,28.014285714285712,1,20,0
CUS-00861,27,16703.45,618.6462962962963,1179.94,1334.01,31.31851851851852,2,24,1
CUS-00862,21,9296.63,442.6966666666666,137.31,1061.71,26.5,1,19,1
CUS-00863,4,3868.73,967.1825,69.99,205.56,36.125,0,4,0
CUS-00864,22,14921.32,678.2418181818182,228.51,848.39,23.018181818181816,0,21,1
CUS-00865,31,20865.55,673.082258064516,1248.74,1506.2,26.870967741935484,8,23,0
CUS-00866,51,32975.11,646.5707843137255,1215.33,2416.82,26.992156862745095,8,42,1
CUS-00867,4,1424.46,356.115,63.91,121.25,22.875,0,4,0
CUS-00868,13,7190.64,553.1261538461539,165.28,885.03,36.323076923076925,4,8,1
CUS-00869,1,1199.95,1199.95,103.57,102.52,53.2,0,1,0
CUS-00870,74,42393.4,572.8837837837838,1312.44,3907.35,27.950000000000003,6,65,3
CUS-00871,32,18445.71,576.4284375,1041.85,1551.15,27.675,3,28,1
CUS-00872,16,9922.84,620.1775,374.05,711.49,27.10625,1,15,0
CUS-00873,24,14477.98,603.2491666666666,728.41,1318.98,29.90833333333333,6,17,1
CUS-00874,25,13610.630000000001,544.4252,241.78,1204.06,28.131999999999998,4,20,1
CUS-00875,9,5412.320000000001,601.3688888888889,82.34,580.8299999999999,36.72222222222222,1,8,0
CUS-00876,13,6551.21,503.9392307692308,212.54,937.01,37.13846153846154,1,11,1
CUS-00877,16,11607.69,725.480625,232.08,849.52,34.5125,2,13,1
CUS-00878,20,11774.08,588.704,346.46999999999997,951.69,24.425,4,16,0
CUS-00879,8,5601.67,700.20875,396.28999999999996,339.08,28.1875,3,4,1
CUS-00880,13,9597.61,738.2776923076924,310.26,531.74,23.884615384615383,1,11,1
CUS-00881,28,18364.21,655.8646428571428,267.46,1519.62,30.657142857142855,1,27,0
CUS-00882,82,50475.25,615.5518292682926,1435.79,4599.93,29.909756097560976,7,71,4
CUS-00883,15,8103.5599999999995,540.2373333333333,194.31,703.78,24.226666666666667,1,13,1
CUS-00884,18,10846.79,602.5994444444445,163.38,1058.37,33.68333333333333,2,16,0
CUS-00885,14,6559.18,468.5128571428572,432.13,729.07,28.57857142857143,4,9,1
CUS-00886,13,12531.7,963.9769230769232,117.79,863.5600000000001,37.300000000000004,2,10,1
CUS-00887,15,10748.99,716.5993333333333,465.1,653.33,23.22666666666667,2,13,0
CUS-00888,1,316.07,316.07,0.0,38.46,30.2,0,1,0
CUS-00889,23,13242.42,575.7573913043478,317.91999999999996,1185.59,30.095652173913045,3,18,2
CUS-00890,67,38070.19,568.2117910447762,1511.52,2964.59,26.971641791044775,11,54,2
CUS-00891,4,2957.36,739.34,19.63,245.73,30.05,0,4,0
CUS-00892,15,7587.22,505.8146666666667,501.82000000000005,692.68,29.846666666666668,2,12,1
CUS-00893,27,14867.47,550.647037037037,459.03999999999996,1639.1100000000001,34.43333333333334,3,23,1
CUS-00894,2,1780.0,890.0,0.0,100.87,34.349999999999994,1,1,0
CUS-00895,19,11596.27,610.33,751.49,1093.58,33.626315789473686,5,14,0
CUS-00896,8,5299.8099999999995,662.4762499999999,98.95,370.85,27.4,0,8,0
CUS-00897,5,1969.8200000000002,393.96400000000006,0.0,176.42000000000002,19.060000000000002,0,5,0
CUS-00898,12,6899.74,574.9783333333334,60.48,747.02,35.725,2,9,1
CUS-00899,36,19531.989999999998,542.5552777777777,349.12,2015.55,30.766666666666666,5,29,2
CUS-00900,10,4866.29,486.629,172.25,576.98,26.169999999999998,1,9,0
CUS-00901,28,14950.6,533.95,629.79,1553.72,31.914285714285715,3,25,0
CUS-00902,14,6840.400000000001,488.6,187.63,567.3299999999999,23.021428571428572,2,12,0
CUS-00903,7,4997.139999999999,713.8771428571428,286.17,562.73,38.34285714285714,1,6,0
CUS-00904,1,544.8,544.8,59.21,39.35,24.3,0,1,0
CUS-00905,54,35799.770000000004,662.9587037037038,909.29,2906.75,27.312962962962963,2,51,1
CUS-00906,6,3530.96,588.4933333333333,29.46,319.59,32.550000000000004,1,5,0
CUS-00907,14,7047.61,503.4007142857143,329.08,721.51,29.37857142857143,2,10,2
CUS-00908,14,10105.65,721.8321428571428,320.97999999999996,692.08,24.12857142857143,1,11,2
CUS-00909,8,5884.49,735.56125,98.33000000000001,304.58,28.787499999999998,0,8,0
CUS-00910,2,1077.51,538.755,0.0,122.41,37.15,0,2,0
CUS-00911,24,13160.04,548.335,240.69,1326.1100000000001,28.541666666666668,1,23,0
CUS-00912,27,15353.47,568.647037037037,425.78,1394.77,28.77777777777778,3,24,0
CUS-00913,85,47694.6,561.1129411764706,772.62,4262.08,26.025882352941174,8,75,2
CUS-00914,11,6185.93,562.3572727272727,67.59,510.89,24.49090909090909,1,10,0
CUS-00915,6,4086.41,681.0683333333333,385.62,503.54,48.449999999999996,0,6,0
CUS-00916,61,36257.27,594.381475409836,1126.24,3370.7,30.449180327868852,7,50,4
CUS-00917,13,7364.280000000001,566.483076923077,191.72,625.56,30.292307692307695,2,11,0
CUS-00918,6,4721.860000000001,786.9766666666668,133.32,214.14,20.900000000000002,0,6,0
CUS-00919,25,14449.74,577.9896,903.35,1102.42,27.08,1,21,3
CUS-00920,1,715.69,715.69,0.0,53.47,40.7,0,1,0
CUS-00921,11,7154.13,650.3754545454545,53.13,547.08,33.21818181818182,1,10,0
CUS-00922,2,1371.8200000000002,685.9100000000001,70.67,50.68,21.8,0,2,0
CUS-00923,27,13289.69,492.21074074074073,674.26,1654.9,34.507407407407406,4,20,3
CUS-00924,40,24557.34,613.9335,630.65,2014.57,28.172500000000003,4,34,2
CUS-00925,10,5042.59,504.259,218.97000000000003,519.5,32.12,1,9,0
CUS-00927,13,7455.28,573.4830769230769,195.62,604.99,26.03846153846154,1,12,0
CUS-00928,77,48751.46,633.1358441558441,1046.06,3878.21,26.475324675324675,12,63,2
CUS-00929,22,11720.09,532.7313636363637,227.07999999999998,982.55,26.672727272727272,0,22,0
CUS-00930,20,9466.65,473.3325,440.78,1120.8,28.155,3,16,1
CUS-00931,69,44029.86,638.1139130434783,959.03,3559.29,27.305797101449276,10,58,1
CUS-00932,23,13675.51,594.5873913043479,533.0899999999999,1130.29,24.778260869565216,3,19,1
CUS-00933,29,15293.47,527.3610344827586,637.6600000000001,1471.36,30.479310344827585,2,26,1
CUS-00934,29,18018.66,621.3331034482759,1292.1599999999999,1577.3700000000001,32.734482758620686,2,25,2
CUS-00935,28,14668.93,523.8903571428572,517.5699999999999,1400.51,29.714285714285715,3,25,0
CUS-00936,15,6694.49,446.2993333333333,109.19,954.04,31.853333333333335,5,10,0
CUS-00937,12,6398.36,533.1966666666666,4.74,679.53,31.308333333333334,3,9,0
CUS-00938,8,3615.23,451.90375,50.7,380.77,33.6875,0,7,1
CUS-00939,36,19758.54,548.8483333333334,435.58,1998.86,31.400000000000002,5,29,2
CUS-00940,12,6499.95,541.6625,194.05,527.69,24.78333333333333,1,11,0
CUS-00941,12,8773.82,731.1516666666666,706.5899999999999,713.21,31.425,0,12,0
CUS-00942,1,280.85,280.85,0.0,25.67,10.0,0,1,0
CUS-00943,17,9116.7,536.2764705882354,247.38,997.3399999999999,31.764705882352942,2,14,1
CUS-00944,21,11358.64,540.8876190476191,296.27000000000004,1227.58,36.3,1,19,1
CUS-00945,6,2852.27,475.37833333333333,86.23,194.57999999999998,21.900000000000002,1,4,1
CUS-00946,52,29619.59,569.6075,1057.61,2909.4700000000003,33.05576923076923,5,46,1
CUS-00947,3,1675.37,558.4566666666666,63.93,102.08000000000001,21.766666666666666,2,1,0
CUS-00948,20,11589.16,579.458,521.65,1162.73,32.195,2,18,0
CUS-00949,1,642.85,642.85,76.26,26.37,16.5,0,1,0
CUS-00950,40,18312.27,457.80675,555.96,1805.79,28.2575,4,34,2
CUS-00951,3,1527.9299999999998,509.30999999999995,0.0,117.8,19.166666666666668,0,3,0
CUS-00952,5,2810.8999999999996,562.18,65.22999999999999,399.4,39.660000000000004,0,4,1
CUS-00953,9,5066.81,562.978888888889,244.17,562.52,31.61111111111111,0,9,0
CUS-00954,30,18687.09,622.903,852.73,1699.03,32.25,2,25,3
CUS-00955,13,5853.37,450.2592307692308,135.89000000000001,793.4,34.276923076923076,1,11,1
CUS-00956,63,38515.48,611.3568253968255,930.99,3163.97,25.476190476190474,9,54,0
CUS-00957,23,12596.12,547.6573913043478,608.85,1128.87,28.400000000000002,4,18,1
CUS-00958,8,4986.47,623.30875,51.19,401.96,33.8,0,6,2
CUS-00959,3,2301.09,767.0300000000001,0.0,215.08,28.866666666666664,0,3,0
CUS-00960,10,4638.63,463.863,85.77,570.27,31.6,1,9,0
CUS-00961,29,18013.43,621.1527586206896,890.0600000000001,1417.29,26.020689655172415,3,24,2
CUS-00962,16,8705.72,544.1075,407.42,769.08,25.88125,2,13,1
CUS-00963,13,5549.61,426.8930769230769,2.28,642.9,30.50769230769231,3,9,1
CUS-00964,19,9351.52,492.1852631578948,142.43,807.4399999999999,23.71578947368421,6,13,0
CUS-00965,6,4222.78,703.7966666666666,169.68,171.83,24.016666666666666,0,6,0
CUS-00966,3,1178.18,392.7266666666667,91.0,87.69,25.933333333333337,0,2,1
CUS-00967,17,10183.94,599.0552941176471,259.45,811.63,26.400000000000002,1,16,0
CUS-00968,23,15194.82,660.6443478260869,262.39,1098.92,25.55652173913043,4,18,1
CUS-00969,2,1347.52,673.76,36.0,135.94,52.0,0,2,0
CUS-00970,24,12001.22,500.0508333333333,266.13,1300.11,28.120833333333334,4,17,3
CUS-00971,7,4399.3,628.4714285714286,43.260000000000005,360.6,37.48571428571428,2,5,0
CUS-00972,55,30682.0,557.8545454545455,1180.3600000000001,2983.2799999999997,31.318181818181817,4,45,6
CUS-00973,29,17688.71,609.9555172413793,593.64,1606.27,31.54137931034483,3,26,0
CUS-00974,2,753.05,376.525,87.79,81.55,24.45,0,2,0
CUS-00975,29,17519.87,604.1334482758621,931.1999999999999,1469.66,33.99655172413793,2,27,0
CUS-00976,20,12581.42,629.071,343.18,1263.47,35.045,2,17,1
CUS-00977,2,1396.69,698.345,146.61,113.66,34.4,0,2,0
CUS-00978,81,50333.41,621.4001234567902,1864.37,4288.69,28.860493827160493,5,75,1
CUS-00979,30,17060.95,568.6983333333334,268.51,1378.91,25.196666666666665,3,26,1
CUS-00980,10,3972.57,397.257,113.32000000000001,521.54,24.82,1,9,0
CUS-00981,4,3128.3,782.075,30.79,320.43,55.825,0,4,0
CUS-00982,2,2323.0,1161.5,168.4,79.78999999999999,23.4,1,1,0
CUS-00983,53,33906.97,639.7541509433962,709.4300000000001,3173.18,33.79811320754717,7,43,3
CUS-00984,34,21056.829999999998,619.3185294117646,954.63,1485.8,25.61764705882353,2,32,0
CUS-00985,3,1409.52,469.84,37.91,201.16,40.13333333333333,1,2,0
CUS-00986,9,5372.46,596.94,363.87,532.75,39.7,1,6,2
CUS-00987,7,4454.49,636.3557142857143,1.97,362.56,24.114285714285717,0,6,1
CUS-00988,5,2586.12,517.2239999999999,0.0,309.85999999999996,35.980000000000004,0,5,0
CUS-00989,63,30895.05,490.39761904761906,1017.79,3389.23,29.023809523809526,8,52,3
CUS-00990,20,11635.09,581.7545,601.31,1135.34,32.505,2,18,0
CUS-00991,15,7801.389999999999,520.0926666666667,272.83,615.78,25.74,0,14,1
CUS-00992,10,5716.45,571.645,331.85,483.65,44.28,4,6,0
CUS-00993,27,15443.630000000001,571.9862962962964,632.02,1173.41,25.355555555555558,1,25,1
CUS-00994,24,14099.35,587.4729166666667,1015.41,1183.84,28.108333333333334,2,21,1
CUS-00995,57,32071.06,562.6501754385965,821.54,2616.14,25.477192982456142,9,47,1
CUS-00996,38,23350.84,614.4957894736842,553.29,2091.45,30.892105263157898,4,33,1
CUS-00997,28,13672.44,488.3014285714286,1066.88,1400.59,31.32857142857143,2,26,0
CUS-00998,5,2620.76,524.152,32.04,357.13,40.18,0,5,0
CUS-00999,9,4528.93,503.2144444444445,150.73000000000002,370.77,25.366666666666667,0,9,0
