kitchen_id,total_orders,total_revenue,average_order_value,average_delivery_time,average_delivery_distance,cancelled_orders,delivered_orders,refunded_orders,kitchen_name,zone,monthly_rent,staff_count
KIT-001,1353,776258.51,573.7313451589062,26.674427198817444,4.836888396156689,247,1055,51,Tasty Trail Central,Central Zone,73989,16
KIT-002,3427,1949309.57,568.8093288590604,26.76763933469507,4.911727458418442,284,3016,127,Dish Dock Central,Central Zone,76733,19
KIT-003,778,445771.87,572.9715552699229,23.44048843187661,3.9305655526992287,79,666,33,Cravings Corner Tech,Tech Park Belt,113123,11
KIT-004,344,197357.1,573.7125,34.58372093023256,7.359854651162791,31,299,14,Grill Grove Old,Old City,210936,7
KIT-005,774,446962.69,577.4711757105944,23.21330749354005,3.8068733850129197,131,609,34,Bite Bazaar South,South Zone,91696,12
KIT-006,741,431445.81,582.248056680162,23.23252361673414,3.7659379217273954,58,654,29,Tandoor Tales South,South Zone,99625,10
KIT-007,201,125031.98,622.0496517412935,26.344278606965172,4.756915422885572,20,172,9,Fork & Flame Suburban,Suburban Ring,66487,12
KIT-008,326,185436.9,568.8248466257669,26.64723926380368,4.941073619631902,32,276,18,Ember Eats Suburban,Suburban Ring,66787,6
KIT-009,358,207492.07,579.5867877094972,40.49050279329609,6.069301675977654,66,281,11,Flame & Fork North,North Zone,105396,18
KIT-010,344,199753.04,580.6774418604651,24.55174418604651,4.300290697674418,28,296,20,Chow Chamber East,East Zone,164532,4
KIT-011,727,423961.96,583.1663823933975,22.634250343878954,3.552022008253095,66,635,26,Ladle Lane West,West Zone,135636,8
KIT-012,928,532109.32,573.3936637931034,26.604956896551727,4.863987068965517,77,812,39,Curry Cloud Central,Central Zone,73441,4
KIT-013,794,462853.41,582.9388035264483,31.43073047858942,6.665856423173803,56,698,40,Fusion Flame Old,Old City,211924,13
KIT-014,359,207520.38,578.0511977715878,26.463788300835656,4.893537604456824,20,324,15,Nimbu Nights Central,Central Zone,68324,4
KIT-015,91,48069.48,528.236043956044,28.02747252747253,5.605824175824176,9,78,4,Hungry Hub Suburban,Suburban Ring,72829,6
KIT-016,741,431237.01,581.9662753036438,30.705802968960864,6.208852901484481,65,645,31,Wok Wagon North,North Zone,104367,9
KIT-017,1303,741875.34,569.3594320798157,31.468687643898694,6.438925556408289,244,1000,59,Zesty Zone Old,Old City,223707,18
KIT-018,890,519559.87,583.7751348314607,31.159775280898877,6.359831460674157,73,785,32,Spoon Story Old,Old City,235348,6
KIT-019,802,461485.06,575.4177805486285,26.327057356608478,4.965835411471321,78,676,48,Urban Bites Central,Central Zone,77238,9
KIT-020,763,443534.76,581.3037483617301,25.331585845347313,4.479410222804718,53,685,25,Spice Route East,East Zone,131868,13
KIT-021,342,198067.1,579.1435672514621,30.492105263157892,5.974181286549708,23,305,14,Kitchen Karma North,North Zone,134245,23
KIT-022,772,444056.12,575.2022279792747,36.36334196891192,4.6197797927461135,63,682,27,Masala Mesh East,East Zone,153186,11
KIT-023,765,435299.95,569.0195424836602,31.948235294117648,6.570522875816994,63,668,34,Pantry Point North,North Zone,133685,8
KIT-024,728,406696.87,558.6495467032967,37.21744505494505,4.8945329670329665,54,655,19,Bowl Buddy Central,Central Zone,70004,13
KIT-025,1349,786527.51,583.0448554484803,41.50415122312824,6.2066864343958486,118,1190,41,Platter Post North,North Zone,121457,22
