customer_id,city,signup_date,customer_segment
CUS-00001,Bengaluru,2024-07-08,New
CUS-00002,Ahmedabad,2024-11-06,Regular
CUS-00003,Kolkata,2024-07-08,Premium
CUS-00004,Hyderabad,2024-09-26,Regular
CUS-00005,Mumbai,2025-09-23,Regular
CUS-00006,Mumbai,2025-03-02,Regular
CUS-00007,Mumbai,2024-06-30,Regular
CUS-00008,Pune,2025-09-09,Regular
CUS-00009,Hyderabad,2025-12-29,New
CUS-00010,Chennai,2024-07-23,Regular
CUS-00011,Mumbai,2025-04-08,New
CUS-00012,Ahmedabad,2025-09-07,Premium
CUS-00013,Pune,2024-08-15,Premium
CUS-00014,Delhi,2025-11-26,New
CUS-00015,Delhi,2025-10-09,Regular
CUS-00016,Delhi,2025-08-18,Premium
CUS-00017,Delhi,2024-06-09,New
CUS-00018,Hyderabad,2025-03-16,Regular
CUS-00019,Bengaluru,2025-06-16,Premium
CUS-00020,Delhi,2024-07-14,New
CUS-00021,Chennai,2025-11-20,Regular
CUS-00022,Mumbai,2025-02-06,New
CUS-00023,Delhi,2024-10-03,Regular
CUS-00024,Bengaluru,2025-09-30,Premium
CUS-00025,Bengaluru,2025-02-02,Premium
CUS-00026,Kolkata,2025-02-11,Regular
CUS-00027,Delhi,2024-07-21,Premium
CUS-00028,Hyderabad,2024-05-27,Regular
CUS-00029,Hyderabad,2025-04-16,Regular
CUS-00030,Mumbai,2025-10-16,Regular
CUS-00031,Hyderabad,2024-07-17,New
CUS-00032,Mumbai,2025-01-03,Regular
CUS-00033,Mumbai,2025-10-27,New
CUS-00034,Ahmedabad,2025-06-05,New
CUS-00035,Ahmedabad,2024-05-21,New
CUS-00036,Kolkata,2024-08-11,Regular
CUS-00037,Delhi,2024-06-13,Regular
CUS-00038,Mumbai,2024-09-11,Regular
CUS-00039,Chennai,2024-01-21,New
CUS-00040,Bengaluru,2024-03-22,Regular
CUS-00041,Mumbai,2025-03-08,Regular
CUS-00042,Bengaluru,2024-10-05,Regular
CUS-00043,Mumbai,2025-08-21,Regular
CUS-00044,Pune,2025-12-30,Regular
CUS-00045,Delhi,2024-10-31,Premium
CUS-00046,Chennai,2025-05-01,Regular
CUS-00047,Delhi,2025-01-18,New
CUS-00048,Hyderabad,2025-03-20,New
CUS-00049,Hyderabad,2025-02-28,Premium
CUS-00050,Delhi,2024-09-06,New
CUS-00051,Ahmedabad,2024-06-26,Premium
CUS-00052,Kolkata,2025-09-20,Regular
CUS-00053,Ahmedabad,2025-08-12,Premium
CUS-00054,Pune,2025-04-05,Regular
CUS-00055,Hyderabad,2024-11-22,Premium
CUS-00056,Ahmedabad,2025-08-20,Regular
CUS-00057,Mumbai,2024-10-15,Regular
CUS-00058,Delhi,2025-08-15,Regular
CUS-00059,Mumbai,2025-10-25,Regular
CUS-00060,Delhi,2025-07-26,Regular
CUS-00061,Bengaluru,2025-07-26,Premium
CUS-00062,Delhi,2024-12-19,Premium
CUS-00063,Pune,2024-01-28,Regular
CUS-00064,Bengaluru,2024-12-02,Regular
CUS-00065,Delhi,2025-11-11,Regular
CUS-00066,Hyderabad,2025-02-26,Regular
CUS-00067,Mumbai,2025-08-20,New
CUS-00068,Kolkata,2024-06-25,New
CUS-00069,Mumbai,2025-12-06,Regular
CUS-00070,Ahmedabad,2025-01-09,New
CUS-00071,Kolkata,2025-08-05,New
CUS-00072,Delhi,2024-07-16,New
CUS-00073,Mumbai,2025-01-09,New
CUS-00074,Kolkata,2025-07-30,New
CUS-00075,Chennai,2025-05-31,Premium
CUS-00076,Kolkata,2025-05-28,Regular
CUS-00077,Kolkata,2024-01-22,Regular
CUS-00078,Mumbai,2024-04-21,Regular
CUS-00079,Bengaluru,2024-02-26,New
CUS-00080,Mumbai,2024-06-03,Premium
CUS-00081,Pune,2024-07-04,Regular
CUS-00082,Chennai,2024-05-23,New
CUS-00083,Delhi,2025-10-03,Regular
CUS-00084,Mumbai,2025-09-28,Premium
CUS-00085,Delhi,2025-09-11,Premium
CUS-00086,Delhi,2024-03-26,Regular
CUS-00087,Kolkata,2025-10-08,Regular
CUS-00088,Chennai,2024-09-12,New
CUS-00089,Pune,2024-10-20,Premium
CUS-00090,Bengaluru,2025-07-24,New
CUS-00091,Mumbai,2025-11-10,Premium
CUS-00092,Chennai,2025-02-09,Regular
CUS-00093,Kolkata,2025-04-12,Regular
CUS-00094,Hyderabad,2024-08-30,Regular
CUS-00095,Kolkata,2025-07-14,New
CUS-00096,Bengaluru,2024-01-02,New
CUS-00097,Hyderabad,2025-01-25,New
CUS-00098,Bengaluru,2024-03-10,New
CUS-00099,Mumbai,2025-06-15,Regular
CUS-00100,Mumbai,2024-02-06,Regular
CUS-00101,Mumbai,2025-01-17,New
CUS-00102,Chennai,2024-03-08,Premium
CUS-00103,Delhi,2024-01-08,Premium
CUS-00104,Hyderabad,2025-10-16,Premium
CUS-00105,Pune,2025-10-01,Premium
CUS-00106,Delhi,2024-07-31,New
CUS-00107,Bengaluru,2024-03-19,Regular
CUS-00108,Kolkata,2025-12-26,Regular
CUS-00109,Delhi,2025-09-19,Regular
CUS-00110,Mumbai,2025-08-26,New
CUS-00111,Delhi,2025-01-15,Regular
CUS-00112,Mumbai,2025-10-11,New
CUS-00113,Ahmedabad,2024-02-27,New
CUS-00114,Kolkata,2024-01-26,Regular
CUS-00115,Chennai,2025-03-22,Regular
CUS-00116,Pune,2024-06-03,Regular
CUS-00117,Kolkata,2024-10-09,New
CUS-00118,Delhi,2024-02-13,Premium
CUS-00119,Pune,2024-06-04,New
CUS-00120,Hyderabad,2025-07-07,New
CUS-00121,Kolkata,2024-08-14,Premium
CUS-00122,Pune,2025-09-11,Premium
CUS-00123,Delhi,2025-11-03,Premium
CUS-00124,Mumbai,2025-08-23,Regular
CUS-00125,Delhi,2025-01-13,Regular
CUS-00126,Bengaluru,2024-06-26,Regular
CUS-00127,Kolkata,2025-02-03,New
CUS-00128,Pune,2025-09-12,Regular
CUS-00129,Mumbai,2024-02-11,Regular
CUS-00130,Hyderabad,2025-05-18,New
CUS-00131,Bengaluru,2024-09-24,Regular
CUS-00132,Delhi,2025-08-08,Regular
CUS-00133,Mumbai,2024-08-01,New
CUS-00134,Delhi,2025-05-22,New
CUS-00135,Ahmedabad,2025-04-20,Regular
CUS-00136,Delhi,2024-10-23,New
CUS-00137,Hyderabad,2024-12-06,Premium
CUS-00138,Chennai,2025-04-29,Regular
CUS-00139,Bengaluru,2025-08-19,Regular
CUS-00140,Ahmedabad,2024-12-03,Regular
CUS-00141,Ahmedabad,2025-07-20,Regular
CUS-00142,Delhi,2025-12-07,Regular
CUS-00143,Bengaluru,2024-08-25,Regular
CUS-00144,Delhi,2024-04-13,Regular
CUS-00145,Delhi,2024-07-28,New
CUS-00146,Mumbai,2025-07-07,Premium
CUS-00147,Hyderabad,2025-12-04,Regular
CUS-00148,Hyderabad,2025-03-29,Regular
CUS-00149,Mumbai,2024-09-24,Premium
CUS-00150,Delhi,2025-01-20,Premium
CUS-00151,Pune,2025-01-21,Regular
CUS-00152,Delhi,2024-09-15,Regular
CUS-00153,Mumbai,2024-09-10,Regular
CUS-00154,Bengaluru,2025-09-17,Regular
CUS-00155,Ahmedabad,2024-09-02,Regular
CUS-00156,Delhi,2025-04-30,Regular
CUS-00157,Chennai,2024-07-08,New
CUS-00158,Kolkata,2024-08-05,Premium
CUS-00159,Delhi,2025-03-06,Premium
CUS-00160,Kolkata,2025-04-09,New
CUS-00161,Bengaluru,2025-11-18,Regular
CUS-00162,Chennai,2025-10-09,New
CUS-00163,Chennai,2025-04-09,Regular
CUS-00164,Hyderabad,2024-09-16,Regular
CUS-00165,Mumbai,2024-12-31,New
CUS-00166,Pune,2025-06-27,Regular
CUS-00167,Delhi,2025-10-10,Regular
CUS-00168,Delhi,2025-07-06,Regular
CUS-00169,Mumbai,2024-01-16,New
CUS-00170,Hyderabad,2024-08-05,New
CUS-00171,Chennai,2025-07-28,Regular
CUS-00172,Mumbai,2024-04-18,Premium
CUS-00173,Hyderabad,2025-06-16,Regular
CUS-00174,Delhi,2025-10-31,New
CUS-00175,Chennai,2024-09-25,Regular
CUS-00176,Mumbai,2024-10-06,Regular
CUS-00177,Chennai,2024-09-16,Regular
CUS-00178,Bengaluru,2024-11-04,New
CUS-00179,Ahmedabad,2025-05-20,Regular
CUS-00180,Mumbai,2025-07-24,Regular
CUS-00181,Bengaluru,2024-03-09,Premium
CUS-00182,Mumbai,2025-01-10,Regular
CUS-00183,Ahmedabad,2025-06-20,Regular
CUS-00184,Pune,2024-10-05,Premium
CUS-00185,Delhi,2024-12-18,New
CUS-00186,Chennai,2024-07-14,Premium
CUS-00187,Kolkata,2025-10-27,Regular
CUS-00188,Hyderabad,2025-01-16,New
CUS-00189,Hyderabad,2025-06-10,Regular
CUS-00190,Delhi,2024-08-14,Regular
CUS-00191,Mumbai,2025-01-12,New
CUS-00192,Pune,2025-04-20,Regular
CUS-00193,Pune,2025-04-21,Regular
CUS-00194,Chennai,2024-09-21,Regular
CUS-00195,Delhi,2025-06-01,New
CUS-00196,Bengaluru,2025-04-30,Premium
CUS-00197,Kolkata,2025-09-03,Premium
CUS-00198,Pune,2025-07-10,Premium
CUS-00199,Pune,2024-07-29,Regular
CUS-00200,Kolkata,2025-07-25,New
CUS-00201,Chennai,2025-11-01,Regular
CUS-00202,Mumbai,2025-01-29,New
CUS-00203,Mumbai,2025-03-25,New
CUS-00204,Pune,2024-12-29,Regular
CUS-00205,Hyderabad,2025-01-04,Regular
CUS-00206,Mumbai,2025-12-25,Regular
CUS-00207,Mumbai,2025-12-28,Regular
CUS-00208,Chennai,2024-08-13,Regular
CUS-00209,Mumbai,2024-10-05,New
CUS-00210,Mumbai,2025-10-08,Premium
CUS-00211,Hyderabad,2025-04-20,Regular
CUS-00212,Chennai,2024-03-10,Regular
CUS-00213,Chennai,2024-04-06,New
CUS-00214,Delhi,2024-05-08,Regular
CUS-00215,Chennai,2024-08-07,Regular
CUS-00216,Delhi,2025-02-20,New
CUS-00217,Delhi,2025-05-11,New
CUS-00218,Kolkata,2025-11-22,Regular
CUS-00219,Chennai,2025-06-29,Regular
CUS-00220,Pune,2024-10-02,New
CUS-00221,Chennai,2024-02-11,Premium
CUS-00222,Hyderabad,2024-03-12,New
CUS-00223,Mumbai,2024-09-11,Regular
CUS-00224,Bengaluru,2024-03-15,Premium
CUS-00225,Delhi,2024-05-10,Regular
CUS-00226,Delhi,2024-06-24,Regular
CUS-00227,Ahmedabad,2025-10-23,Regular
CUS-00228,Bengaluru,2024-09-29,New
CUS-00229,Pune,2025-11-09,Premium
CUS-00230,Chennai,2025-12-10,Regular
CUS-00231,Kolkata,2024-10-15,Premium
CUS-00232,Hyderabad,2025-12-24,New
CUS-00233,Hyderabad,2024-09-28,New
CUS-00234,Bengaluru,2024-06-03,New
CUS-00235,Delhi,2025-04-27,Regular
CUS-00236,Kolkata,2024-04-09,Regular
CUS-00237,Delhi,2024-04-06,Premium
CUS-00238,Mumbai,2024-02-16,Regular
CUS-00239,Chennai,2025-03-29,Premium
CUS-00240,Mumbai,2024-07-19,New
CUS-00241,Ahmedabad,2025-10-21,Premium
CUS-00242,Ahmedabad,2024-03-05,Regular
CUS-00243,Pune,2024-01-01,Regular
CUS-00244,Bengaluru,2025-01-10,Regular
CUS-00245,Mumbai,2024-09-07,Regular
CUS-00246,Ahmedabad,2025-01-08,Regular
CUS-00247,Bengaluru,2025-05-30,New
CUS-00248,Ahmedabad,2025-03-17,New
CUS-00249,Ahmedabad,2024-05-22,Premium
CUS-00250,Pune,2024-09-07,Regular
CUS-00251,Delhi,2025-06-16,Regular
CUS-00252,Bengaluru,2024-08-14,Regular
CUS-00253,Pune,2024-08-11,New
CUS-00254,Delhi,2025-09-20,New
CUS-00255,Mumbai,2024-10-28,Regular
CUS-00256,Hyderabad,2025-10-15,Regular
CUS-00257,Ahmedabad,2025-04-04,New
CUS-00258,Chennai,2025-04-02,Regular
CUS-00259,Hyderabad,2025-04-07,New
CUS-00260,Mumbai,2025-01-27,Regular
CUS-00261,Chennai,2024-07-25,New
CUS-00262,Ahmedabad,2024-07-28,Regular
CUS-00263,Mumbai,2024-04-24,Regular
CUS-00264,Hyderabad,2025-07-10,Regular
CUS-00265,Pune,2024-07-09,New
CUS-00266,Kolkata,2024-06-08,New
CUS-00267,Chennai,2025-10-02,Regular
CUS-00268,Chennai,2025-03-18,Regular
CUS-00269,Bengaluru,2025-08-25,Regular
CUS-00270,Delhi,2024-12-19,New
CUS-00271,Kolkata,2025-11-07,Regular
CUS-00272,Kolkata,2025-03-07,Premium
CUS-00273,Pune,2024-05-21,Regular
CUS-00274,Pune,2025-03-09,New
CUS-00275,Hyderabad,2025-05-15,Regular
CUS-00276,Hyderabad,2025-02-12,New
CUS-00277,Kolkata,2025-06-30,New
CUS-00278,Chennai,2025-10-20,Premium
CUS-00279,Chennai,2025-06-25,New
CUS-00280,Kolkata,2025-05-21,Regular
CUS-00281,Pune,2025-08-18,Regular
CUS-00282,Delhi,2024-07-10,Regular
CUS-00283,Bengaluru,2025-02-27,Regular
CUS-00284,Mumbai,2024-09-26,New
CUS-00285,Hyderabad,2024-02-06,Regular
CUS-00286,Mumbai,2025-05-09,Regular
CUS-00287,Bengaluru,2025-12-27,New
CUS-00288,Hyderabad,2025-10-23,Regular
CUS-00289,Delhi,2024-03-23,New
CUS-00290,Hyderabad,2025-09-13,New
CUS-00291,Mumbai,2025-01-03,Regular
CUS-00292,Mumbai,2024-01-10,New
CUS-00293,Pune,2025-12-13,Regular
CUS-00294,Bengaluru,2024-10-10,Regular
CUS-00295,Mumbai,2024-06-21,Regular
CUS-00296,Hyderabad,2024-11-22,New
CUS-00297,Kolkata,2025-12-18,New
CUS-00298,Delhi,2024-03-03,New
CUS-00299,Chennai,2024-03-13,Regular
CUS-00300,Mumbai,2025-09-27,Regular
CUS-00301,Mumbai,2025-09-01,New
CUS-00302,Hyderabad,2025-09-24,Premium
CUS-00303,Hyderabad,2025-05-22,New
CUS-00304,Chennai,2025-01-02,Regular
CUS-00305,Kolkata,2024-04-29,Regular
CUS-00306,Ahmedabad,2025-12-03,Premium
CUS-00307,Hyderabad,2025-06-11,Regular
CUS-00308,Delhi,2025-09-04,Regular
CUS-00309,Kolkata,2024-12-10,Regular
CUS-00310,Delhi,2024-09-21,Regular
CUS-00311,Bengaluru,2024-11-15,New
CUS-00312,Mumbai,2025-03-11,Premium
CUS-00313,Mumbai,2025-10-01,Regular
CUS-00314,Ahmedabad,2024-03-29,Regular
CUS-00315,Pune,2025-10-15,Regular
CUS-00316,Chennai,2024-07-21,Regular
CUS-00317,Bengaluru,2024-11-29,Regular
CUS-00318,Mumbai,2024-09-08,Regular
CUS-00319,Mumbai,2024-10-02,New
CUS-00320,Delhi,2025-08-12,New
CUS-00321,Hyderabad,2024-08-03,New
CUS-00322,Chennai,2025-05-28,New
CUS-00323,Chennai,2025-09-28,Premium
CUS-00324,Delhi,2025-09-13,New
CUS-00325,Ahmedabad,2025-08-20,Premium
CUS-00326,Kolkata,2025-09-23,Regular
CUS-00327,Hyderabad,2024-06-05,New
CUS-00328,Chennai,2024-11-09,Regular
CUS-00329,Bengaluru,2025-11-25,Regular
CUS-00330,Delhi,2024-01-16,Regular
CUS-00331,Bengaluru,2025-04-21,Regular
CUS-00332,Kolkata,2024-02-03,Regular
CUS-00333,Mumbai,2025-07-03,New
CUS-00334,Mumbai,2025-10-31,Premium
CUS-00335,Mumbai,2024-09-24,Premium
CUS-00336,Mumbai,2024-04-02,Regular
CUS-00337,Pune,2025-07-29,New
CUS-00338,Chennai,2025-08-05,Regular
CUS-00339,Bengaluru,2025-07-15,New
CUS-00340,Mumbai,2025-04-13,New
CUS-00341,Bengaluru,2025-10-22,New
CUS-00342,Bengaluru,2024-11-20,Regular
CUS-00343,Mumbai,2024-10-30,Premium
CUS-00344,Bengaluru,2024-02-10,Regular
CUS-00345,Bengaluru,2025-11-14,Regular
CUS-00346,Chennai,2024-07-19,Regular
CUS-00347,Chennai,2025-03-20,Regular
CUS-00348,Mumbai,2024-11-19,Regular
CUS-00349,Bengaluru,2024-04-02,Premium
CUS-00350,Chennai,2025-04-26,New
CUS-00351,Hyderabad,2025-12-28,Premium
CUS-00352,Pune,2025-04-24,Regular
CUS-00353,Chennai,2024-05-03,Regular
CUS-00354,Mumbai,2024-08-01,Regular
CUS-00355,Mumbai,2024-10-27,Regular
CUS-00356,Chennai,2024-08-12,Premium
CUS-00357,Mumbai,2025-06-03,Premium
CUS-00358,Hyderabad,2025-02-27,Regular
CUS-00359,Ahmedabad,2024-11-27,New
CUS-00360,Hyderabad,2025-03-13,Regular
CUS-00361,Bengaluru,2025-10-08,Premium
CUS-00362,Chennai,2024-06-22,New
CUS-00363,Bengaluru,2025-12-07,Regular
CUS-00364,Hyderabad,2025-10-06,Regular
CUS-00365,Ahmedabad,2025-10-20,Regular
CUS-00366,Bengaluru,2024-01-26,New
CUS-00367,Ahmedabad,2025-08-27,Regular
CUS-00368,Pune,2025-09-02,Premium
CUS-00369,Delhi,2024-08-19,New
CUS-00370,Mumbai,2025-06-16,New
CUS-00371,Mumbai,2025-03-07,Regular
CUS-00372,Mumbai,2025-05-19,New
CUS-00373,Mumbai,2025-10-30,Premium
CUS-00374,Chennai,2024-06-27,Regular
CUS-00375,Mumbai,2024-11-05,New
CUS-00376,Delhi,2025-03-30,Premium
CUS-00377,Pune,2024-12-13,Regular
CUS-00378,Mumbai,2025-06-23,Regular
CUS-00379,Kolkata,2025-09-02,Regular
CUS-00380,Delhi,2024-03-16,Regular
CUS-00381,Mumbai,2025-01-08,New
CUS-00382,Chennai,2025-06-05,Regular
CUS-00383,Chennai,2024-12-07,Premium
CUS-00384,Pune,2024-10-06,New
CUS-00385,Kolkata,2024-12-12,Regular
CUS-00386,Kolkata,2024-12-26,Regular
CUS-00387,Delhi,2025-06-08,Regular
CUS-00388,Mumbai,2024-03-27,New
CUS-00389,Kolkata,2024-09-18,Premium
CUS-00390,Kolkata,2024-01-08,Regular
CUS-00391,Ahmedabad,2025-10-26,New
CUS-00392,Bengaluru,2025-12-22,New
CUS-00393,Bengaluru,2025-07-26,New
CUS-00394,Kolkata,2024-09-18,Regular
CUS-00395,Bengaluru,2025-12-30,Regular
CUS-00396,Ahmedabad,2024-09-10,Regular
CUS-00397,Pune,2025-09-10,Regular
CUS-00398,Bengaluru,2025-11-04,New
CUS-00399,Kolkata,2025-01-14,Regular
CUS-00400,Kolkata,2024-12-27,Regular
CUS-00401,Mumbai,2025-03-24,New
CUS-00402,Pune,2025-03-16,New
CUS-00403,Hyderabad,2024-02-04,New
CUS-00404,Pune,2025-12-09,Regular
CUS-00405,Delhi,2025-02-27,Regular
CUS-00406,Pune,2024-05-21,Regular
CUS-00407,Bengaluru,2024-10-17,Regular
CUS-00408,Mumbai,2025-07-03,Regular
CUS-00409,Pune,2025-11-19,Regular
CUS-00410,Mumbai,2025-10-14,Premium
CUS-00411,Delhi,2025-01-12,New
CUS-00412,Ahmedabad,2024-02-18,New
CUS-00413,Ahmedabad,2024-10-28,New
CUS-00414,Hyderabad,2024-08-07,New
CUS-00415,Chennai,2024-05-15,Regular
CUS-00416,Bengaluru,2025-08-07,Premium
CUS-00417,Delhi,2025-07-02,New
CUS-00418,Delhi,2025-08-24,New
CUS-00419,Chennai,2024-06-12,Regular
CUS-00420,Kolkata,2025-04-12,Premium
CUS-00421,Kolkata,2024-11-13,Regular
CUS-00422,Kolkata,2025-09-09,Regular
CUS-00423,Mumbai,2024-12-28,New
CUS-00424,Bengaluru,2025-01-16,New
CUS-00425,Mumbai,2024-08-20,Premium
CUS-00426,Hyderabad,2024-09-12,Premium
CUS-00427,Bengaluru,2025-02-07,New
CUS-00428,Pune,2025-06-07,Premium
CUS-00429,Bengaluru,2025-06-12,Regular
CUS-00430,Mumbai,2025-07-24,Premium
CUS-00431,Mumbai,2024-01-07,Regular
CUS-00432,Kolkata,2024-10-02,Regular
CUS-00433,Chennai,2025-04-07,Regular
CUS-00434,Mumbai,2025-01-31,Regular
CUS-00435,Mumbai,2025-04-12,New
CUS-00436,Chennai,2025-08-05,New
CUS-00437,Mumbai,2025-10-20,Regular
CUS-00438,Pune,2024-11-28,Regular
CUS-00439,Chennai,2024-06-05,New
CUS-00440,Mumbai,2025-11-07,Regular
CUS-00441,Mumbai,2025-10-07,Premium
CUS-00442,Ahmedabad,2024-01-01,New
CUS-00443,Bengaluru,2024-06-16,Regular
CUS-00444,Bengaluru,2025-11-09,Regular
CUS-00445,Kolkata,2024-01-19,Premium
CUS-00446,Ahmedabad,2024-11-27,New
CUS-00447,Ahmedabad,2025-06-08,Regular
CUS-00448,Kolkata,2025-03-31,Regular
CUS-00449,Bengaluru,2024-04-18,Premium
CUS-00450,Mumbai,2024-09-24,Regular
CUS-00451,Kolkata,2025-03-20,Regular
CUS-00452,Hyderabad,2024-08-27,Regular
CUS-00453,Bengaluru,2024-10-27,Premium
CUS-00454,Pune,2025-08-24,Regular
CUS-00455,Mumbai,2024-12-04,New
CUS-00456,Bengaluru,2024-06-09,Premium
CUS-00457,Mumbai,2025-03-28,Regular
CUS-00458,Bengaluru,2025-03-06,Regular
CUS-00459,Mumbai,2024-01-06,New
CUS-00460,Mumbai,2024-06-22,Regular
CUS-00461,Mumbai,2024-08-12,Regular
CUS-00462,Chennai,2025-10-31,Regular
CUS-00463,Kolkata,2025-06-03,New
CUS-00464,Hyderabad,2025-12-27,Regular
CUS-00465,Ahmedabad,2025-11-19,Premium
CUS-00466,Bengaluru,2025-11-17,New
CUS-00467,Delhi,2025-10-19,Premium
CUS-00468,Pune,2024-11-19,Regular
CUS-00469,Delhi,2025-03-11,Premium
CUS-00470,Ahmedabad,2025-09-30,Regular
CUS-00471,Mumbai,2025-02-23,Regular
CUS-00472,Ahmedabad,2025-08-16,Regular
CUS-00473,Mumbai,2025-04-29,Premium
CUS-00474,Pune,2025-10-20,Regular
CUS-00475,Hyderabad,2025-02-15,Regular
CUS-00476,Ahmedabad,2024-03-24,Regular
CUS-00477,Mumbai,2024-04-22,Regular
CUS-00478,Hyderabad,2024-11-27,Regular
CUS-00479,Ahmedabad,2025-12-01,Regular
CUS-00480,Hyderabad,2025-10-16,Regular
CUS-00481,Chennai,2024-10-02,Regular
CUS-00482,Chennai,2024-04-14,New
CUS-00483,Bengaluru,2024-07-20,Regular
CUS-00484,Chennai,2025-03-25,New
CUS-00485,Hyderabad,2024-09-22,Regular
CUS-00486,Pune,2024-07-28,Regular
CUS-00487,Mumbai,2025-07-16,Regular
CUS-00488,Delhi,2024-04-27,Regular
CUS-00489,Ahmedabad,2025-12-13,Regular
CUS-00490,Pune,2025-11-01,Regular
CUS-00491,Bengaluru,2025-04-07,New
CUS-00492,Chennai,2025-06-23,Regular
CUS-00493,Delhi,2024-03-24,New
CUS-00494,Delhi,2025-03-29,New
CUS-00495,Bengaluru,2025-10-28,Regular
CUS-00496,Bengaluru,2025-09-20,Regular
CUS-00497,Hyderabad,2025-05-28,Regular
CUS-00498,Mumbai,2025-08-27,Regular
CUS-00499,Ahmedabad,2025-08-11,Regular
CUS-00500,Ahmedabad,2025-01-21,Premium
CUS-00501,Chennai,2024-12-15,Regular
CUS-00502,Hyderabad,2024-10-22,Regular
CUS-00503,Delhi,2024-09-14,New
CUS-00504,Kolkata,2024-03-21,Regular
CUS-00505,Chennai,2024-09-24,Regular
CUS-00506,Mumbai,2025-02-22,Regular
CUS-00507,Pune,2024-08-22,Regular
CUS-00508,Pune,2024-06-11,Regular
CUS-00509,Ahmedabad,2024-12-22,Regular
CUS-00510,Kolkata,2024-07-31,Regular
CUS-00511,Chennai,2025-07-27,Regular
CUS-00512,Bengaluru,2024-02-18,Regular
CUS-00513,Ahmedabad,2024-06-05,Premium
CUS-00514,Pune,2024-10-08,New
CUS-00515,Mumbai,2024-05-10,New
CUS-00516,Mumbai,2025-11-02,New
CUS-00517,Bengaluru,2025-05-19,Regular
CUS-00518,Kolkata,2024-10-20,Premium
CUS-00519,Ahmedabad,2024-03-10,New
CUS-00520,Mumbai,2025-03-13,Premium
CUS-00521,Hyderabad,2024-04-16,New
CUS-00522,Bengaluru,2025-10-19,Premium
CUS-00523,Ahmedabad,2025-02-23,Regular
CUS-00524,Pune,2025-02-09,New
CUS-00525,Pune,2025-04-03,Regular
CUS-00526,Bengaluru,2025-09-01,New
CUS-00527,Bengaluru,2024-03-13,New
CUS-00528,Delhi,2025-09-25,Regular
CUS-00529,Mumbai,2024-01-30,Regular
CUS-00530,Pune,2024-06-07,Regular
CUS-00531,Kolkata,2024-12-29,Regular
CUS-00532,Ahmedabad,2025-03-26,Regular
CUS-00533,Ahmedabad,2024-07-13,Regular
CUS-00534,Hyderabad,2024-04-06,New
CUS-00535,Kolkata,2024-06-20,Regular
CUS-00536,Ahmedabad,2024-10-02,New
CUS-00537,Pune,2024-03-03,New
CUS-00538,Delhi,2024-01-23,Regular
CUS-00539,Bengaluru,2024-12-25,New
CUS-00540,Mumbai,2024-03-15,Regular
CUS-00541,Ahmedabad,2025-07-13,Regular
CUS-00542,Hyderabad,2025-02-11,New
CUS-00543,Delhi,2024-04-27,Regular
CUS-00544,Chennai,2025-03-09,New
CUS-00545,Chennai,2025-01-14,Premium
CUS-00546,Bengaluru,2025-09-11,Regular
CUS-00547,Mumbai,2024-10-16,Regular
CUS-00548,Chennai,2025-03-15,Regular
CUS-00549,Hyderabad,2025-10-29,New
CUS-00550,Kolkata,2024-07-01,Regular
CUS-00551,Hyderabad,2024-07-14,Premium
CUS-00552,Pune,2025-02-24,Regular
CUS-00553,Hyderabad,2025-07-21,Regular
CUS-00554,Hyderabad,2024-11-07,Premium
CUS-00555,Pune,2025-12-07,New
CUS-00556,Bengaluru,2024-05-27,New
CUS-00557,Mumbai,2025-10-30,Regular
CUS-00558,Mumbai,2024-07-20,Regular
CUS-00559,Kolkata,2025-03-19,Regular
CUS-00560,Chennai,2025-02-22,Premium
CUS-00561,Chennai,2025-02-03,Regular
CUS-00562,Delhi,2025-04-23,New
CUS-00563,Mumbai,2025-04-19,Regular
CUS-00564,Mumbai,2024-05-05,New
CUS-00565,Bengaluru,2025-01-29,Regular
CUS-00566,Hyderabad,2025-07-29,Regular
CUS-00567,Bengaluru,2024-11-20,Regular
CUS-00568,Bengaluru,2025-01-26,New
CUS-00569,Pune,2025-11-18,Regular
CUS-00570,Bengaluru,2025-09-19,Regular
CUS-00571,Hyderabad,2025-03-15,Regular
CUS-00572,Kolkata,2024-07-22,New
CUS-00573,Bengaluru,2025-04-30,Regular
CUS-00574,Chennai,2024-01-31,Premium
CUS-00575,Pune,2025-01-22,New
CUS-00576,Ahmedabad,2025-09-16,New
CUS-00577,Mumbai,2025-09-03,Regular
CUS-00578,Ahmedabad,2025-10-01,Regular
CUS-00579,Bengaluru,2024-09-12,Regular
CUS-00580,Delhi,2025-03-18,Regular
CUS-00581,Bengaluru,2025-01-08,New
CUS-00582,Ahmedabad,2024-03-15,Regular
CUS-00583,Bengaluru,2025-10-07,Regular
CUS-00584,Delhi,2025-10-27,Regular
CUS-00585,Chennai,2024-03-06,Regular
CUS-00586,Delhi,2025-03-05,New
CUS-00587,Mumbai,2024-12-28,Regular
CUS-00588,Mumbai,2025-03-23,Regular
CUS-00589,Mumbai,2024-08-21,Regular
CUS-00590,Mumbai,2025-07-16,Regular
CUS-00591,Mumbai,2024-09-18,Regular
CUS-00592,Chennai,2024-04-05,Premium
CUS-00593,Delhi,2024-01-09,New
CUS-00594,Bengaluru,2025-06-25,New
CUS-00595,Pune,2025-04-29,Regular
CUS-00596,Bengaluru,2024-01-05,Regular
CUS-00597,Chennai,2024-04-05,New
CUS-00598,Mumbai,2025-02-07,New
CUS-00599,Delhi,2024-06-18,New
CUS-00600,Mumbai,2024-03-05,Premium
CUS-00601,Mumbai,2024-04-02,New
CUS-00602,Delhi,2024-03-27,Regular
CUS-00603,Mumbai,2025-07-10,New
CUS-00604,Mumbai,2025-08-12,Regular
CUS-00605,Mumbai,2024-07-19,New
CUS-00606,Bengaluru,2025-03-01,Regular
CUS-00607,Delhi,2024-03-17,New
CUS-00608,Bengaluru,2024-02-28,Regular
CUS-00609,Hyderabad,2025-06-03,New
CUS-00610,Chennai,2025-09-29,Regular
CUS-00611,Mumbai,2025-05-14,Premium
CUS-00612,Kolkata,2024-04-18,Regular
CUS-00613,Chennai,2024-04-10,Regular
CUS-00614,Mumbai,2024-08-03,Regular
CUS-00615,Pune,2024-09-03,Regular
CUS-00616,Ahmedabad,2024-06-13,Regular
CUS-00617,Mumbai,2025-03-05,Premium
CUS-00618,Delhi,2024-10-31,Regular
CUS-00619,Kolkata,2025-04-11,Regular
CUS-00620,Kolkata,2024-12-30,Regular
CUS-00621,Delhi,2025-01-13,Regular
CUS-00622,Delhi,2024-08-12,New
CUS-00623,Bengaluru,2025-07-07,Regular
CUS-00624,Bengaluru,2024-12-19,Premium
CUS-00625,Chennai,2025-02-19,New
CUS-00626,Bengaluru,2024-04-18,Regular
CUS-00627,Bengaluru,2025-07-16,New
CUS-00628,Kolkata,2025-11-05,Regular
CUS-00629,Mumbai,2024-06-12,New
CUS-00630,Delhi,2025-01-17,Regular
CUS-00631,Chennai,2025-06-16,Regular
CUS-00632,Pune,2024-10-26,Regular
CUS-00633,Hyderabad,2024-05-18,Regular
CUS-00634,Hyderabad,2024-12-24,Regular
CUS-00635,Mumbai,2025-05-13,Premium
CUS-00636,Bengaluru,2025-01-19,New
CUS-00637,Hyderabad,2025-08-26,Regular
CUS-00638,Delhi,2024-06-10,New
CUS-00639,Delhi,2025-09-28,Premium
CUS-00640,Bengaluru,2025-04-27,Premium
CUS-00641,Mumbai,2024-04-20,Regular
CUS-00642,Delhi,2024-05-18,Regular
CUS-00643,Delhi,2025-10-03,Regular
CUS-00644,Delhi,2025-05-23,Regular
CUS-00645,Mumbai,2024-09-29,New
CUS-00646,Pune,2024-08-04,Regular
CUS-00647,Hyderabad,2024-04-13,New
CUS-00648,Chennai,2024-01-08,Regular
CUS-00649,Kolkata,2025-10-25,Regular
CUS-00650,Bengaluru,2024-06-13,Regular
CUS-00651,Mumbai,2025-03-06,New
CUS-00652,Hyderabad,2024-10-10,Regular
CUS-00653,Hyderabad,2025-05-31,New
CUS-00654,Kolkata,2025-10-18,Regular
CUS-00655,Bengaluru,2025-04-09,New
CUS-00656,Mumbai,2024-12-06,Premium
CUS-00657,Delhi,2025-10-20,Regular
CUS-00658,Bengaluru,2024-04-03,Regular
CUS-00659,Chennai,2024-03-31,Regular
CUS-00660,Hyderabad,2024-04-26,Regular
CUS-00661,Bengaluru,2024-09-23,Regular
CUS-00662,Ahmedabad,2025-11-15,Regular
CUS-00663,Hyderabad,2025-12-07,Premium
CUS-00664,Delhi,2024-05-19,Regular
CUS-00665,Mumbai,2024-02-09,Premium
CUS-00666,Mumbai,2025-10-22,Premium
CUS-00667,Delhi,2025-01-29,New
CUS-00668,Mumbai,2025-01-05,Premium
CUS-00669,Delhi,2025-04-20,New
CUS-00670,Delhi,2025-05-31,Regular
CUS-00671,Mumbai,2024-02-07,Regular
CUS-00672,Pune,2024-01-20,Premium
CUS-00673,Mumbai,2025-11-07,Premium
CUS-00674,Hyderabad,2025-07-06,Regular
CUS-00675,Bengaluru,2025-04-08,Regular
CUS-00676,Ahmedabad,2025-12-06,Regular
CUS-00677,Mumbai,2024-05-26,New
CUS-00678,Bengaluru,2025-10-27,Regular
CUS-00679,Ahmedabad,2024-10-30,New
CUS-00680,Pune,2025-11-09,Regular
CUS-00681,Kolkata,2025-04-08,Regular
CUS-00682,Delhi,2025-11-25,Premium
CUS-00683,Mumbai,2024-08-15,Regular
CUS-00684,Chennai,2024-11-04,Regular
CUS-00685,Ahmedabad,2025-09-08,New
CUS-00686,Hyderabad,2025-02-20,Premium
CUS-00687,Hyderabad,2024-03-08,Premium
CUS-00688,Delhi,2025-10-02,Regular
CUS-00689,Kolkata,2025-02-02,Regular
CUS-00690,Delhi,2025-12-15,Regular
CUS-00691,Delhi,2025-04-12,New
CUS-00692,Bengaluru,2025-05-13,Regular
CUS-00693,Hyderabad,2025-09-04,Regular
CUS-00694,Delhi,2025-11-21,New
CUS-00695,Mumbai,2025-12-31,Regular
CUS-00696,Chennai,2024-03-22,New
CUS-00697,Delhi,2025-08-26,New
CUS-00698,Hyderabad,2025-11-17,New
CUS-00699,Mumbai,2024-12-30,Premium
CUS-00700,Bengaluru,2024-11-06,Regular
CUS-00701,Hyderabad,2024-02-17,Premium
CUS-00702,Mumbai,2025-05-25,Regular
CUS-00703,Delhi,2024-11-24,Regular
CUS-00704,Mumbai,2024-04-25,Regular
CUS-00705,Mumbai,2024-02-12,Regular
CUS-00706,Ahmedabad,2024-05-26,New
CUS-00707,Delhi,2025-07-28,Regular
CUS-00708,Kolkata,2024-11-18,New
CUS-00709,Delhi,2025-03-18,Regular
CUS-00710,Chennai,2024-01-13,Regular
CUS-00711,Kolkata,2025-08-05,New
CUS-00712,Hyderabad,2025-01-12,New
CUS-00713,Bengaluru,2024-10-13,Regular
CUS-00714,Bengaluru,2025-12-20,Regular
CUS-00715,Bengaluru,2024-04-23,New
CUS-00716,Ahmedabad,2025-04-24,Premium
CUS-00717,Pune,2024-01-22,New
CUS-00718,Ahmedabad,2024-12-14,Regular
CUS-00719,Mumbai,2025-12-26,Premium
CUS-00720,Kolkata,2025-11-13,New
CUS-00721,Ahmedabad,2025-07-19,New
CUS-00722,Delhi,2024-11-15,New
CUS-00723,Mumbai,2024-05-05,Regular
CUS-00724,Kolkata,2024-03-10,New
CUS-00725,Hyderabad,2024-07-22,Regular
CUS-00726,Pune,2024-12-07,New
CUS-00727,Mumbai,2025-11-11,Regular
CUS-00728,Kolkata,2025-10-25,Premium
CUS-00729,Delhi,2025-06-30,Regular
CUS-00730,Mumbai,2025-11-26,Regular
CUS-00731,Mumbai,2024-12-10,Regular
CUS-00732,Kolkata,2024-02-26,Regular
CUS-00733,Chennai,2024-10-29,Regular
CUS-00734,Hyderabad,2024-11-06,Regular
CUS-00735,Bengaluru,2024-01-19,New
CUS-00736,Pune,2025-04-01,Premium
CUS-00737,Bengaluru,2024-09-20,Regular
CUS-00738,Kolkata,2024-04-22,New
CUS-00739,Bengaluru,2025-02-05,Regular
CUS-00740,Bengaluru,2024-11-22,Regular
CUS-00741,Bengaluru,2025-06-25,Regular
CUS-00742,Delhi,2025-08-10,Regular
CUS-00743,Kolkata,2025-01-08,Regular
CUS-00744,Hyderabad,2024-05-03,New
CUS-00745,Delhi,2024-10-18,Regular
CUS-00746,Pune,2024-01-25,Regular
CUS-00747,Bengaluru,2025-02-07,New
CUS-00748,Hyderabad,2024-01-01,New
CUS-00749,Pune,2025-02-07,Regular
CUS-00750,Chennai,2024-05-20,New
CUS-00751,Mumbai,2025-09-10,Regular
CUS-00752,Ahmedabad,2024-06-07,New
CUS-00753,Chennai,2024-07-05,New
CUS-00754,Delhi,2024-07-19,New
CUS-00755,Mumbai,2024-06-05,Premium
CUS-00756,Kolkata,2024-09-13,Regular
CUS-00757,Chennai,2025-06-11,Premium
CUS-00758,Hyderabad,2025-06-30,Regular
CUS-00759,Pune,2024-12-07,New
CUS-00760,Kolkata,2025-03-12,Regular
CUS-00761,Mumbai,2024-04-13,Regular
CUS-00762,Delhi,2025-06-18,Regular
CUS-00763,Delhi,2024-09-21,New
CUS-00764,Kolkata,2025-01-18,Regular
CUS-00765,Mumbai,2024-09-16,New
CUS-00766,Hyderabad,2025-02-17,Regular
CUS-00767,Kolkata,2024-12-23,Regular
CUS-00768,Pune,2024-03-15,Regular
CUS-00769,Bengaluru,2024-12-20,Regular
CUS-00770,Pune,2025-06-08,Regular
CUS-00771,Mumbai,2024-06-07,Regular
CUS-00772,Pune,2025-11-15,Regular
CUS-00773,Mumbai,2024-10-16,Premium
CUS-00774,Bengaluru,2024-02-14,Premium
CUS-00775,Kolkata,2025-07-26,Regular
CUS-00776,Mumbai,2024-03-23,Regular
CUS-00777,Delhi,2024-02-05,Regular
CUS-00778,Kolkata,2024-12-23,Regular
CUS-00779,Kolkata,2025-11-06,New
CUS-00780,Chennai,2024-06-03,Regular
CUS-00781,Chennai,2025-10-18,New
CUS-00782,Hyderabad,2025-09-01,Premium
CUS-00783,Delhi,2024-10-06,Regular
CUS-00784,Bengaluru,2025-01-14,Regular
CUS-00785,Delhi,2025-10-17,Regular
CUS-00786,Pune,2024-12-23,Premium
CUS-00787,Hyderabad,2024-06-07,Regular
CUS-00788,Bengaluru,2024-11-17,Regular
CUS-00789,Bengaluru,2025-03-25,New
CUS-00790,Ahmedabad,2025-04-18,Regular
CUS-00791,Mumbai,2024-01-13,New
CUS-00792,Hyderabad,2024-02-07,Regular
CUS-00793,Hyderabad,2024-04-20,Regular
CUS-00794,Chennai,2025-05-22,Regular
CUS-00795,Mumbai,2024-10-16,New
CUS-00796,Pune,2024-10-21,New
CUS-00797,Ahmedabad,2025-03-26,Regular
CUS-00798,Hyderabad,2024-02-08,New
CUS-00799,Chennai,2025-09-23,New
CUS-00800,Ahmedabad,2025-07-20,New
CUS-00801,Chennai,2024-01-27,Premium
CUS-00802,Mumbai,2025-09-21,Regular
CUS-00803,Hyderabad,2024-08-18,Regular
CUS-00804,Hyderabad,2025-07-18,New
CUS-00805,Bengaluru,2024-11-16,Regular
CUS-00806,Kolkata,2024-08-20,Regular
CUS-00807,Ahmedabad,2025-10-31,Regular
CUS-00808,Ahmedabad,2025-12-03,New
CUS-00809,Bengaluru,2025-06-16,New
CUS-00810,Mumbai,2025-06-02,New
CUS-00811,Ahmedabad,2024-02-22,Regular
CUS-00812,Pune,2024-08-11,Regular
CUS-00813,Mumbai,2024-07-10,New
CUS-00814,Ahmedabad,2025-12-26,New
CUS-00815,Pune,2024-01-31,New
CUS-00816,Hyderabad,2024-02-12,Premium
CUS-00817,Hyderabad,2024-01-07,New
CUS-00818,Bengaluru,2024-01-23,Regular
CUS-00819,Mumbai,2025-06-27,Regular
CUS-00820,Delhi,2025-03-21,Regular
CUS-00821,Kolkata,2024-03-14,New
CUS-00822,Mumbai,2024-10-01,New
CUS-00823,Delhi,2025-04-28,Regular
CUS-00824,Bengaluru,2025-03-31,Regular
CUS-00825,Hyderabad,2025-07-19,Regular
CUS-00826,Pune,2025-07-17,Regular
CUS-00827,Bengaluru,2025-10-21,New
CUS-00828,Bengaluru,2024-08-06,Premium
CUS-00829,Kolkata,2024-01-14,Regular
CUS-00830,Bengaluru,2024-06-26,New
CUS-00831,Delhi,2025-02-15,Premium
CUS-00832,Bengaluru,2024-02-22,Regular
CUS-00833,Mumbai,2025-11-02,Regular
CUS-00834,Mumbai,2024-01-22,Regular
CUS-00835,Bengaluru,2024-01-30,Regular
CUS-00836,Bengaluru,2025-03-12,Regular
CUS-00837,Pune,2024-09-16,New
CUS-00838,Bengaluru,2024-07-23,Regular
CUS-00839,Hyderabad,2024-02-28,Premium
CUS-00840,Chennai,2025-04-15,New
CUS-00841,Mumbai,2025-10-04,Regular
CUS-00842,Chennai,2024-12-01,Regular
CUS-00843,Mumbai,2025-09-22,Regular
CUS-00844,Ahmedabad,2024-10-16,Regular
CUS-00845,Mumbai,2024-12-19,Premium
CUS-00846,Bengaluru,2025-09-30,New
CUS-00847,Mumbai,2024-03-15,New
CUS-00848,Ahmedabad,2025-12-16,New
CUS-00849,Hyderabad,2025-07-14,Premium
CUS-00850,Hyderabad,2025-08-13,Regular
CUS-00851,Mumbai,2025-03-16,New
CUS-00852,Kolkata,2024-08-28,Regular
CUS-00853,Delhi,2024-02-06,Premium
CUS-00854,Pune,2024-05-04,Regular
CUS-00855,Delhi,2025-12-26,Premium
CUS-00856,Delhi,2024-10-20,New
CUS-00857,Mumbai,2024-07-27,Regular
CUS-00858,Bengaluru,2024-08-12,Regular
CUS-00859,Hyderabad,2024-03-28,Regular
CUS-00860,Mumbai,2025-01-24,Regular
CUS-00861,Kolkata,2024-11-20,Regular
CUS-00862,Bengaluru,2024-05-06,Regular
CUS-00863,Hyderabad,2025-10-29,New
CUS-00864,Bengaluru,2025-12-10,Regular
CUS-00865,Bengaluru,2025-09-24,Premium
CUS-00866,Hyderabad,2025-07-30,Premium
CUS-00867,Mumbai,2025-10-09,New
CUS-00868,Delhi,2025-10-20,New
CUS-00869,Pune,2024-05-16,New
CUS-00870,Ahmedabad,2025-04-11,Regular
CUS-00871,Bengaluru,2025-03-03,Regular
CUS-00872,Delhi,2025-03-27,New
CUS-00873,Chennai,2025-03-09,Regular
CUS-00874,Bengaluru,2024-05-20,Regular
CUS-00875,Mumbai,2024-03-23,Regular
CUS-00876,Mumbai,2024-06-25,Regular
CUS-00877,Chennai,2024-07-16,Regular
CUS-00878,Chennai,2025-09-15,Regular
CUS-00879,Mumbai,2025-07-21,New
CUS-00880,Delhi,2025-11-21,Regular
CUS-00881,Delhi,2025-02-24,Regular
CUS-00882,Chennai,2025-04-02,Premium
CUS-00883,Mumbai,2025-11-28,Regular
CUS-00884,Mumbai,2025-04-15,Regular
CUS-00885,Kolkata,2024-05-08,New
CUS-00886,Mumbai,2025-12-29,Regular
CUS-00887,Chennai,2025-09-23,New
CUS-00888,Delhi,2024-06-23,New
CUS-00889,Mumbai,2024-01-23,Regular
CUS-00890,Delhi,2025-12-25,Premium
CUS-00891,Kolkata,2024-08-22,New
CUS-00892,Pune,2024-01-13,Regular
CUS-00893,Pune,2024-10-04,Regular
CUS-00894,Bengaluru,2025-06-19,New
CUS-00895,Chennai,2025-06-06,Regular
CUS-00896,Delhi,2025-03-27,Regular
CUS-00897,Delhi,2025-06-03,Regular
CUS-00898,Pune,2025-08-28,New
CUS-00899,Mumbai,2025-12-13,Regular
CUS-00900,Mumbai,2025-06-16,Regular
CUS-00901,Delhi,2025-12-23,Regular
CUS-00902,Mumbai,2025-10-13,New
CUS-00903,Delhi,2024-10-19,Regular
CUS-00904,Hyderabad,2024-10-04,New
CUS-00905,Bengaluru,2025-05-16,Regular
CUS-00906,Pune,2024-10-30,New
CUS-00907,Kolkata,2025-06-23,Premium
CUS-00908,Bengaluru,2025-06-07,Regular
CUS-00909,Delhi,2024-12-20,Regular
CUS-00910,Bengaluru,2024-10-29,New
CUS-00911,Hyderabad,2025-10-05,Regular
CUS-00912,Delhi,2025-10-19,Premium
CUS-00913,Chennai,2024-08-14,Premium
CUS-00914,Bengaluru,2024-08-23,Regular
CUS-00915,Hyderabad,2025-03-30,Regular
CUS-00916,Bengaluru,2024-01-13,Regular
CUS-00917,Delhi,2024-07-28,Premium
CUS-00918,Ahmedabad,2025-01-31,Regular
CUS-00919,Kolkata,2024-09-04,Regular
CUS-00920,Mumbai,2024-01-31,Regular
CUS-00921,Pune,2025-11-06,Regular
CUS-00922,Bengaluru,2025-10-10,New
CUS-00923,Pune,2024-11-24,Regular
CUS-00924,Kolkata,2024-06-14,Regular
CUS-00925,Bengaluru,2025-03-04,Regular
CUS-00926,Mumbai,2024-09-04,New
CUS-00927,Delhi,2025-12-09,Regular
CUS-00928,Hyderabad,2024-06-21,Regular
CUS-00929,Chennai,2024-10-06,Regular
CUS-00930,Delhi,2025-12-28,New
CUS-00931,Mumbai,2024-09-19,Regular
CUS-00932,Pune,2024-09-30,Regular
CUS-00933,Ahmedabad,2024-03-01,Regular
CUS-00934,Hyderabad,2024-01-28,Regular
CUS-00935,Mumbai,2024-11-21,Regular
CUS-00936,Delhi,2024-05-28,Regular
CUS-00937,Mumbai,2025-06-23,New
CUS-00938,Pune,2025-02-05,Regular
CUS-00939,Mumbai,2025-03-13,Regular
CUS-00940,Hyderabad,2024-05-03,New
CUS-00941,Delhi,2024-12-21,New
CUS-00942,Hyderabad,2025-06-16,Regular
CUS-00943,Chennai,2024-08-09,Regular
CUS-00944,Pune,2024-08-22,Regular
CUS-00945,Delhi,2024-08-14,Regular
CUS-00946,Mumbai,2025-08-06,Regular
CUS-00947,Mumbai,2024-08-11,Regular
CUS-00948,Pune,2024-02-18,New
CUS-00949,Pune,2024-04-27,Regular
CUS-00950,Hyderabad,2024-02-23,Regular
CUS-00951,Hyderabad,2025-11-10,New
CUS-00952,Chennai,2025-07-18,New
CUS-00953,Mumbai,2024-02-13,Regular
CUS-00954,Pune,2024-02-22,Regular
CUS-00955,Bengaluru,2025-08-08,Premium
CUS-00956,Bengaluru,2025-11-07,Premium
CUS-00957,Hyderabad,2025-06-08,Regular
CUS-00958,Mumbai,2025-07-11,Regular
CUS-00959,Mumbai,2024-11-04,Regular
CUS-00960,Kolkata,2025-01-02,Regular
CUS-00961,Mumbai,2024-05-17,New
CUS-00962,Hyderabad,2025-05-11,Regular
CUS-00963,Delhi,2025-01-21,Regular
CUS-00964,Bengaluru,2024-04-20,Regular
CUS-00965,Delhi,2025-05-09,Regular
CUS-00966,Bengaluru,2024-01-17,Regular
CUS-00967,Chennai,2024-06-30,New
CUS-00968,Delhi,2025-06-19,Regular
CUS-00969,Hyderabad,2025-06-24,Regular
CUS-00970,Bengaluru,2024-06-19,New
CUS-00971,Chennai,2025-12-02,New
CUS-00972,Ahmedabad,2025-12-01,Regular
CUS-00973,Kolkata,2024-06-07,New
CUS-00974,Delhi,2024-08-17,Regular
CUS-00975,Mumbai,2024-04-28,New
CUS-00976,Delhi,2024-04-06,Premium
CUS-00977,Hyderabad,2025-11-17,New
CUS-00978,Mumbai,2025-09-04,Regular
CUS-00979,Bengaluru,2024-04-13,Premium
CUS-00980,Hyderabad,2025-08-26,Regular
CUS-00981,Delhi,2025-11-28,New
CUS-00982,Kolkata,2025-05-16,Regular
CUS-00983,Mumbai,2025-11-23,Regular
CUS-00984,Mumbai,2025-11-12,Regular
CUS-00985,Kolkata,2025-11-29,New
CUS-00986,Bengaluru,2024-06-23,New
CUS-00987,Chennai,2025-04-11,Regular
CUS-00988,Bengaluru,2025-02-24,Regular
CUS-00989,Delhi,2024-05-13,Regular
CUS-00990,Kolkata,2025-01-25,Regular
CUS-00991,Kolkata,2025-05-15,Regular
CUS-00992,Chennai,2025-10-26,New
CUS-00993,Delhi,2024-02-02,Regular
CUS-00994,Hyderabad,2024-02-24,New
CUS-00995,Bengaluru,2025-02-06,Regular
CUS-00996,Mumbai,2025-09-29,Regular
CUS-00997,Pune,2024-12-01,Premium
CUS-00998,Mumbai,2025-11-06,New
CUS-00999,Ahmedabad,2025-12-20,New
CUS-01000,Bengaluru,2025-08-07,New
