kitchen_id,kitchen_name,zone,monthly_rent,staff_count
KIT-001,Tasty Trail Central,Central Zone,73989,16
KIT-002,Dish Dock Central,Central Zone,76733,19
KIT-003,Cravings Corner Tech,Tech Park Belt,113123,11
KIT-004,Grill Grove Old,Old City,210936,7
KIT-005,Bite Bazaar South,South Zone,91696,12
KIT-006,Tandoor Tales South,South Zone,99625,10
KIT-007,Fork & Flame Suburban,Suburban Ring,66487,12
KIT-008,Ember Eats Suburban,Suburban Ring,66787,6
KIT-009,Flame & Fork North,North Zone,105396,18
KIT-010,Chow Chamber East,East Zone,164532,4
KIT-011,Ladle Lane West,West Zone,135636,8
KIT-012,Curry Cloud Central,Central Zone,73441,4
KIT-013,Fusion Flame Old,Old City,211924,13
KIT-014,Nimbu Nights Central,Central Zone,68324,4
KIT-015,Hungry Hub Suburban,Suburban Ring,72829,6
KIT-016,Wok Wagon North,North Zone,104367,9
KIT-017,Zesty Zone Old,Old City,223707,18
KIT-018,Spoon Story Old,Old City,235348,6
KIT-019,Urban Bites Central,Central Zone,77238,9
KIT-020,Spice Route East,East Zone,131868,13
KIT-021,Kitchen Karma North,North Zone,134245,23
KIT-022,Masala Mesh East,East Zone,153186,11
KIT-023,Pantry Point North,North Zone,133685,8
KIT-024,Bowl Buddy Central,Central Zone,70004,13
KIT-025,Platter Post North,North Zone,121457,22
